-- MySQL dump 10.16  Distrib 10.1.44-MariaDB, for debian-linux-gnu (x86_64)
--
-- Host: localhost    Database: pipeline_data
-- ------------------------------------------------------
-- Server version	10.1.44-MariaDB-0+deb9u1
/*!40103 SET @OLD_TIME_ZONE=@@TIME_ZONE */;
/*!40103 SET TIME_ZONE='+00:00' */;
/*!40014 SET @OLD_UNIQUE_CHECKS=@@UNIQUE_CHECKS, UNIQUE_CHECKS=0 */;
/*!40014 SET @OLD_FOREIGN_KEY_CHECKS=@@FOREIGN_KEY_CHECKS, FOREIGN_KEY_CHECKS=0 */;
/*!40101 SET @OLD_SQL_MODE=@@SQL_MODE, SQL_MODE='NO_AUTO_VALUE_ON_ZERO,MYSQL40,NO_KEY_OPTIONS,NO_TABLE_OPTIONS,NO_FIELD_OPTIONS' */;
/*!40111 SET @OLD_SQL_NOTES=@@SQL_NOTES, SQL_NOTES=0 */;

--
-- Table structure for table `address`
--

DROP TABLE IF EXISTS `address`;
CREATE TABLE `address` (
  `id` bigint(20) NOT NULL AUTO_INCREMENT,
  `gps` bigint(20) DEFAULT NULL,
  `number` varchar(60) DEFAULT NULL,
  `street` varchar(60) DEFAULT NULL,
  `city` varchar(60) DEFAULT NULL,
  `state` varchar(60) DEFAULT NULL,
  `postal` varchar(60) DEFAULT NULL,
  `country` varchar(60) DEFAULT NULL,
  `active` tinyint(1) DEFAULT NULL,
  PRIMARY KEY (`id`)
);

--
-- Dumping data for table `address`
--

LOCK TABLES `address` WRITE;
/*!40000 ALTER TABLE `address` DISABLE KEYS */;
INSERT INTO `address` VALUES (1,NULL,'9603','First Parkway','Chattanooga','Tennessee','37421','USA',1),(2,NULL,'7155','Lincoln Parkway','Bakewell','Tennessee','37304','USA',1),(3,NULL,'703','Eucalyptus Parkway','Chattanooga','Tennessee','37412','USA',1),(4,NULL,'6307','Sixth Avenue','Apison','Tennessee','37302','USA',1),(5,NULL,'5781','Oak Lane','Soddy Daisy','Tennessee','37379','USA',1),(6,NULL,'6948','Oak Street','Chattanooga','Tennessee','37450','USA',1),(7,NULL,'8003','Third Boulevard','Chattanooga','Tennessee','37405','USA',1),(8,NULL,'4708','Third Boulevard','Chattanooga','Tennessee','37419','USA',1),(9,NULL,'8914','Hamilton Street','Lupton City','Tennessee','37351','USA',1),(10,NULL,'405','First Street','Bakewell','Tennessee','37304','USA',1),(11,NULL,'5103','Fifth Street','Bakewell','Tennessee','37304','USA',1),(12,NULL,'5021','Fir Boulevard','Chattanooga','Tennessee','37402','USA',1),(13,NULL,'9601','Palm Street','Chattanooga','Tennessee','37403','USA',1),(14,NULL,'27','Park Lane','Soddy Daisy','Tennessee','37379','USA',1),(15,NULL,'3764','Fifth Street','Harrison','Tennessee','37341','USA',1),(16,NULL,'5092','Fir Highway','Chattanooga','Tennessee','37408','USA',1),(17,NULL,'7021','Lincoln Avenue','Signal Mountain','Tennessee','37377','USA',1),(18,NULL,'2381','Sixth Street','Chattanooga','Tennessee','37409','USA',1),(19,NULL,'4585','Washington Lane','Sale Creek','Tennessee','37373','USA',1),(20,NULL,'9272','Park Street','Ooltewah','Tennessee','37363','USA',1),(21,NULL,'9957','Tenth Lane','Chattanooga','Tennessee','37402','USA',1),(22,NULL,'6415','Sixth Street','Lookout Mountain','Tennessee','37350','USA',1),(23,NULL,'6761','Second Highway','Chattanooga','Tennessee','37421','USA',1),(24,NULL,'9101','First Parkway','Bakewell','Tennessee','37304','USA',1),(25,NULL,'8503','Maple Road','Lookout Mountain','Tennessee','37350','USA',1),(26,NULL,'8049','Fir Avenue','Chattanooga','Tennessee','37404','USA',1),(27,NULL,'7950','Washington Avenue','Chattanooga','Tennessee','37404','USA',1),(28,NULL,'4998','Pine Highway','Soddy Daisy','Tennessee','37379','USA',1),(29,NULL,'633','Grove Lane','Chattanooga','Tennessee','37411','USA',1),(30,NULL,'1966','Park Highway','Chattanooga','Tennessee','37415','USA',1),(31,NULL,'6208','Eighth Avenue','Chattanooga','Tennessee','37407','USA',1),(32,NULL,'8901','Tenth Boulevard','Chattanooga','Tennessee','37415','USA',1),(33,NULL,'4720','Grove Road','Chattanooga','Tennessee','37402','USA',1),(34,NULL,'288','Hamilton Road','Chattanooga','Tennessee','37415','USA',1),(35,NULL,'8954','Park Avenue','Chattanooga','Tennessee','37415','USA',1),(36,NULL,'3670','Palm Parkway','Chattanooga','Tennessee','37409','USA',1),(37,NULL,'3842','Oak Highway','Chattanooga','Tennessee','37419','USA',1),(38,NULL,'4020','Dogwood Road','Ooltewah','Tennessee','37363','USA',1),(39,NULL,'8918','Grove Boulevard','Chattanooga','Tennessee','37404','USA',1),(40,NULL,'817','Pine Avenue','Chattanooga','Tennessee','37415','USA',1),(41,NULL,'46','Seventh Parkway','Lupton City','Tennessee','37351','USA',1),(42,NULL,'198','Pine Street','Chattanooga','Tennessee','37409','USA',1),(43,NULL,'6190','First Lane','Apison','Tennessee','37302','USA',1),(44,NULL,'3155','Fourth Parkway','Bakewell','Tennessee','37304','USA',1),(45,NULL,'6017','Maple Avenue','Lookout Mountain','Tennessee','37350','USA',1),(46,NULL,'5811','Sixth Street','Chattanooga','Tennessee','37412','USA',1),(47,NULL,'7414','Oak Avenue','Apison','Tennessee','37302','USA',1),(48,NULL,'6634','Palm Lane','Chattanooga','Tennessee','37408','USA',1),(49,NULL,'4804','Acacia Street','Hixson','Tennessee','37343','USA',1),(50,NULL,'2968','Washington Street','Chattanooga','Tennessee','37405','USA',1),(51,NULL,'2396','Ninth Lane','Signal Mountain','Tennessee','37377','USA',1),(52,NULL,'6646','Tenth Parkway','Chattanooga','Tennessee','37404','USA',1),(53,NULL,'8276','Cherry Avenue','Chattanooga','Tennessee','37409','USA',1),(54,NULL,'3876','Maple Parkway','Chattanooga','Tennessee','37411','USA',1),(55,NULL,'1107','Hamilton Highway','Apison','Tennessee','37302','USA',1),(56,NULL,'1969','Maple Street','Signal Mountain','Tennessee','37377','USA',1),(57,NULL,'3519','First Parkway','Chattanooga','Tennessee','37419','USA',1),(58,NULL,'8461','Eighth Avenue','Chattanooga','Tennessee','37402','USA',1),(59,NULL,'3021','Grove Street','Soddy Daisy','Tennessee','37379','USA',1),(60,NULL,'607','Sixth Avenue','Chattanooga','Tennessee','37411','USA',1),(61,NULL,'7201','Fir Avenue','Chattanooga','Tennessee','37407','USA',1),(62,NULL,'9852','Palm Parkway','Chattanooga','Tennessee','37404','USA',1),(63,NULL,'5200','Fifth Street','Chattanooga','Tennessee','37407','USA',1),(64,NULL,'224','Cherry Lane','Soddy Daisy','Tennessee','37379','USA',1),(65,NULL,'2434','Cherry Parkway','Signal Mountain','Tennessee','37377','USA',1),(66,NULL,'7847','Tenth Road','Chattanooga','Tennessee','37450','USA',1),(67,NULL,'7838','Lincoln Lane','Chattanooga','Tennessee','37406','USA',1),(68,NULL,'8616','Main Boulevard','Chattanooga','Tennessee','37450','USA',1),(69,NULL,'4674','Park Boulevard','Hixson','Tennessee','37343','USA',1),(70,NULL,'2466','Franklin Highway','Chattanooga','Tennessee','37415','USA',1),(71,NULL,'7764','Maple Highway','Chattanooga','Tennessee','37415','USA',1),(72,NULL,'3799','Maple Parkway','Chattanooga','Tennessee','37450','USA',1),(73,NULL,'6331','Oak Parkway','Harrison','Tennessee','37341','USA',1),(74,NULL,'6499','Elm Parkway','Soddy Daisy','Tennessee','37379','USA',1),(75,NULL,'5802','Main Street','Lookout Mountain','Tennessee','37350','USA',1),(76,NULL,'6605','Pine Road','Chattanooga','Tennessee','37450','USA',1),(77,NULL,'9283','Sixth Boulevard','Chattanooga','Tennessee','37406','USA',1),(78,NULL,'8454','Ninth Highway','Chattanooga','Tennessee','37412','USA',1),(79,NULL,'7975','Seventh Street','Birchwood','Tennessee','37308','USA',1),(80,NULL,'8859','Third Parkway','Birchwood','Tennessee','37308','USA',1),(81,NULL,'4692','Dogwood Street','Chattanooga','Tennessee','37404','USA',1),(82,NULL,'6384','Ninth Avenue','Chattanooga','Tennessee','37407','USA',1),(83,NULL,'6697','Spruce Parkway','Signal Mountain','Tennessee','37377','USA',1),(84,NULL,'2010','Cedar Road','Harrison','Tennessee','37341','USA',1),(85,NULL,'1901','First Boulevard','Chattanooga','Tennessee','37403','USA',1),(86,NULL,'7796','Franklin Boulevard','Chattanooga','Tennessee','37403','USA',1),(87,NULL,'5620','Grove Street','Birchwood','Tennessee','37308','USA',1),(88,NULL,'2794','Seventh Street','Chattanooga','Tennessee','37404','USA',1),(89,NULL,'1057','Ninth Highway','Chattanooga','Tennessee','37421','USA',1),(90,NULL,'9944','Washington Boulevard','Chattanooga','Tennessee','37405','USA',1),(91,NULL,'2862','Ninth Avenue','Chattanooga','Tennessee','37419','USA',1),(92,NULL,'4355','First Lane','Chattanooga','Tennessee','37412','USA',1),(93,NULL,'6935','Main Avenue','Chattanooga','Tennessee','37411','USA',1),(94,NULL,'4032','Tenth Street','Signal Mountain','Tennessee','37377','USA',1),(95,NULL,'814','Cherry Avenue','Chattanooga','Tennessee','37409','USA',1),(96,NULL,'7308','Tenth Street','Chattanooga','Tennessee','37405','USA',1),(97,NULL,'6025','Eucalyptus Boulevard','Harrison','Tennessee','37341','USA',1),(98,NULL,'3716','Fir Lane','Hixson','Tennessee','37343','USA',1),(99,NULL,'9566','Park Highway','Chattanooga','Tennessee','37405','USA',1),(100,NULL,'7279','Fir Avenue','Chattanooga','Tennessee','37402','USA',1),(101,NULL,'4010','Fourth Street','Bakewell','Tennessee','37304','USA',1),(102,NULL,'7063','Maple Street','Chattanooga','Tennessee','37411','USA',1),(103,NULL,'4226','Eucalyptus Parkway','Chattanooga','Tennessee','37408','USA',1),(104,NULL,'7671','Hamilton Avenue','Chattanooga','Tennessee','37450','USA',1),(105,NULL,'7972','Park Road','Chattanooga','Tennessee','37421','USA',1),(106,NULL,'6915','Elm Parkway','Chattanooga','Tennessee','37415','USA',1),(107,NULL,'1331','Acacia Lane','Apison','Tennessee','37302','USA',1),(108,NULL,'201','Lincoln Road','Chattanooga','Tennessee','37411','USA',1),(109,NULL,'5837','Grove Street','Chattanooga','Tennessee','37412','USA',1),(110,NULL,'7547','Fourth Avenue','Ooltewah','Tennessee','37363','USA',1),(111,NULL,'4778','Maple Highway','Chattanooga','Tennessee','37403','USA',1),(112,NULL,'4413','Cedar Road','Chattanooga','Tennessee','37409','USA',1),(113,NULL,'4850','Fifth Avenue','Chattanooga','Tennessee','37421','USA',1),(114,NULL,'420','Franklin Boulevard','Soddy Daisy','Tennessee','37379','USA',1),(115,NULL,'2925','Sixth Highway','Chattanooga','Tennessee','37402','USA',1),(116,NULL,'3029','Tenth Lane','Apison','Tennessee','37302','USA',1),(117,NULL,'175','Ninth Boulevard','Chattanooga','Tennessee','37412','USA',1),(118,NULL,'940','Spruce Boulevard','Chattanooga','Tennessee','37403','USA',1),(119,NULL,'8205','Oak Parkway','Chattanooga','Tennessee','37403','USA',1),(120,NULL,'5752','Palm Avenue','Sale Creek','Tennessee','37373','USA',1),(121,NULL,'6870','Pine Road','Chattanooga','Tennessee','37421','USA',1),(122,NULL,'6681','Eucalyptus Boulevard','Bakewell','Tennessee','37304','USA',1),(123,NULL,'7629','Acacia Avenue','Chattanooga','Tennessee','37407','USA',1),(124,NULL,'5280','First Highway','Chattanooga','Tennessee','37402','USA',1),(125,NULL,'619','Fifth Boulevard','Chattanooga','Tennessee','37402','USA',1),(126,NULL,'5538','Main Parkway','Chattanooga','Tennessee','37411','USA',1),(127,NULL,'8205','Cherry Road','Chattanooga','Tennessee','37421','USA',1),(128,NULL,'2242','Acacia Lane','Chattanooga','Tennessee','37410','USA',1),(129,NULL,'7472','Fifth Parkway','Chattanooga','Tennessee','37411','USA',1),(130,NULL,'6590','Hamilton Avenue','Chattanooga','Tennessee','37411','USA',1),(131,NULL,'6197','Ninth Lane','Chattanooga','Tennessee','37421','USA',1),(132,NULL,'1580','Oak Avenue','Chattanooga','Tennessee','37416','USA',1),(133,NULL,'6035','Seventh Road','Signal Mountain','Tennessee','37377','USA',1),(134,NULL,'144','Fifth Road','Chattanooga','Tennessee','37450','USA',1),(135,NULL,'4324','Park Lane','Chattanooga','Tennessee','37406','USA',1),(136,NULL,'6111','Elm Avenue','Chattanooga','Tennessee','37412','USA',1),(137,NULL,'9166','Fifth Road','Birchwood','Tennessee','37308','USA',1),(138,NULL,'2394','First Parkway','Birchwood','Tennessee','37308','USA',1),(139,NULL,'1401','Fourth Highway','Bakewell','Tennessee','37304','USA',1),(140,NULL,'2908','Seventh Highway','Chattanooga','Tennessee','37450','USA',1),(141,NULL,'7506','Hamilton Parkway','Hixson','Tennessee','37343','USA',1),(142,NULL,'1854','Washington Highway','Bakewell','Tennessee','37304','USA',1),(143,NULL,'5903','Maple Street','Soddy Daisy','Tennessee','37379','USA',1),(144,NULL,'2850','Third Road','Chattanooga','Tennessee','37415','USA',1),(145,NULL,'493','Second Street','Ooltewah','Tennessee','37363','USA',1),(146,NULL,'6679','Main Lane','Ooltewah','Tennessee','37363','USA',1),(147,NULL,'8232','Cherry Boulevard','Lupton City','Tennessee','37351','USA',1),(148,NULL,'8229','Seventh Lane','Hixson','Tennessee','37343','USA',1),(149,NULL,'8327','Third Road','Chattanooga','Tennessee','37421','USA',1),(150,NULL,'5308','Palm Street','Sale Creek','Tennessee','37373','USA',1),(151,NULL,'2210','Sixth Parkway','Chattanooga','Tennessee','37421','USA',1),(152,NULL,'5535','Sixth Road','Chattanooga','Tennessee','37403','USA',1),(153,NULL,'2477','Main Avenue','Chattanooga','Tennessee','37410','USA',1),(154,NULL,'8839','Main Highway','Hixson','Tennessee','37343','USA',1),(155,NULL,'5819','Grove Street','Chattanooga','Tennessee','37404','USA',1),(156,NULL,'2639','Oak Street','Chattanooga','Tennessee','37402','USA',1),(157,NULL,'4708','Main Avenue','Soddy Daisy','Tennessee','37379','USA',1),(158,NULL,'6279','Oak Boulevard','Soddy Daisy','Tennessee','37379','USA',1),(159,NULL,'7182','Franklin Lane','Sale Creek','Tennessee','37373','USA',1),(160,NULL,'191','Sixth Road','Apison','Tennessee','37302','USA',1),(161,NULL,'6330','Second Lane','Chattanooga','Tennessee','37406','USA',1),(162,NULL,'2897','First Parkway','Lookout Mountain','Tennessee','37350','USA',1),(163,NULL,'1963','Cedar Lane','Chattanooga','Tennessee','37407','USA',1),(164,NULL,'6550','Fifth Road','Chattanooga','Tennessee','37410','USA',1),(165,NULL,'406','Seventh Street','Bakewell','Tennessee','37304','USA',1),(166,NULL,'206','Acacia Avenue','Soddy Daisy','Tennessee','37379','USA',1),(167,NULL,'4032','First Lane','Chattanooga','Tennessee','37406','USA',1),(168,NULL,'1947','Park Lane','Ooltewah','Tennessee','37363','USA',1),(169,NULL,'7474','Franklin Parkway','Chattanooga','Tennessee','37407','USA',1),(170,NULL,'5322','Spruce Lane','Chattanooga','Tennessee','37405','USA',1),(171,NULL,'5298','Lincoln Highway','Lupton City','Tennessee','37351','USA',1),(172,NULL,'6057','Elm Parkway','Chattanooga','Tennessee','37412','USA',1),(173,NULL,'8844','Main Lane','Chattanooga','Tennessee','37407','USA',1),(174,NULL,'7154','Franklin Lane','Chattanooga','Tennessee','37403','USA',1),(175,NULL,'2316','Franklin Parkway','Chattanooga','Tennessee','37450','USA',1),(176,NULL,'9939','Palm Boulevard','Chattanooga','Tennessee','37404','USA',1),(177,NULL,'4016','Acacia Lane','Chattanooga','Tennessee','37419','USA',1),(178,NULL,'1554','Tenth Lane','Chattanooga','Tennessee','37406','USA',1),(179,NULL,'5898','Cedar Highway','Sale Creek','Tennessee','37373','USA',1),(180,NULL,'8019','Sixth Lane','Hixson','Tennessee','37343','USA',1),(181,NULL,'5616','Eucalyptus Parkway','Hixson','Tennessee','37343','USA',1),(182,NULL,'8358','Pine Road','Hixson','Tennessee','37343','USA',1),(183,NULL,'3120','Cedar Highway','Chattanooga','Tennessee','37409','USA',1),(184,NULL,'3800','Maple Parkway','Signal Mountain','Tennessee','37377','USA',1),(185,NULL,'7230','Eucalyptus Street','Hixson','Tennessee','37343','USA',1),(186,NULL,'1898','Lincoln Road','Chattanooga','Tennessee','37419','USA',1),(187,NULL,'686','Eucalyptus Street','Chattanooga','Tennessee','37402','USA',1),(188,NULL,'4380','Second Parkway','Chattanooga','Tennessee','37402','USA',1),(189,NULL,'2067','Seventh Boulevard','Hixson','Tennessee','37343','USA',1),(190,NULL,'3417','Park Street','Chattanooga','Tennessee','37406','USA',1),(191,NULL,'7187','Palm Lane','Birchwood','Tennessee','37308','USA',1),(192,NULL,'7409','Palm Highway','Chattanooga','Tennessee','37407','USA',1),(193,NULL,'9311','Park Street','Chattanooga','Tennessee','37412','USA',1),(194,NULL,'4756','Sixth Boulevard','Chattanooga','Tennessee','37405','USA',1),(195,NULL,'3275','First Boulevard','Chattanooga','Tennessee','37411','USA',1),(196,NULL,'7842','Fifth Lane','Chattanooga','Tennessee','37410','USA',1),(197,NULL,'7278','Maple Boulevard','Chattanooga','Tennessee','37412','USA',1),(198,NULL,'1401','Second Street','Hixson','Tennessee','37343','USA',1),(199,NULL,'8674','Franklin Boulevard','Chattanooga','Tennessee','37402','USA',1),(200,NULL,'9274','Acacia Boulevard','Lupton City','Tennessee','37351','USA',1),(201,NULL,'7665','Franklin Parkway','Chattanooga','Tennessee','37402','USA',1),(202,NULL,'8521','Sixth Highway','Sale Creek','Tennessee','37373','USA',1),(203,NULL,'409','Cedar Avenue','Apison','Tennessee','37302','USA',1),(204,NULL,'6509','Cedar Street','Lookout Mountain','Tennessee','37350','USA',1),(205,NULL,'3622','Tenth Road','Chattanooga','Tennessee','37416','USA',1),(206,NULL,'8882','Franklin Parkway','Chattanooga','Tennessee','37450','USA',1),(207,NULL,'5982','Franklin Lane','Chattanooga','Tennessee','37403','USA',1),(208,NULL,'7903','Grove Street','Ooltewah','Tennessee','37363','USA',1),(209,NULL,'6108','Acacia Avenue','Sale Creek','Tennessee','37373','USA',1),(210,NULL,'2658','Eucalyptus Street','Chattanooga','Tennessee','37409','USA',1),(211,NULL,'3378','Hamilton Lane','Chattanooga','Tennessee','37421','USA',1),(212,NULL,'5925','Hamilton Street','Chattanooga','Tennessee','37408','USA',1),(213,NULL,'4882','Palm Street','Soddy Daisy','Tennessee','37379','USA',1),(214,NULL,'1740','Tenth Parkway','Birchwood','Tennessee','37308','USA',1),(215,NULL,'5162','First Street','Chattanooga','Tennessee','37408','USA',1),(216,NULL,'3945','Eucalyptus Avenue','Bakewell','Tennessee','37304','USA',1),(217,NULL,'2118','Main Street','Chattanooga','Tennessee','37415','USA',1),(218,NULL,'337','Pine Avenue','Birchwood','Tennessee','37308','USA',1),(219,NULL,'7155','Sixth Highway','Birchwood','Tennessee','37308','USA',1),(220,NULL,'1114','Park Parkway','Chattanooga','Tennessee','37409','USA',1),(221,NULL,'4801','Dogwood Avenue','Ooltewah','Tennessee','37363','USA',1),(222,NULL,'3317','Hamilton Street','Chattanooga','Tennessee','37421','USA',1),(223,NULL,'4379','Washington Avenue','Chattanooga','Tennessee','37403','USA',1),(224,NULL,'6591','Ninth Highway','Ooltewah','Tennessee','37363','USA',1),(225,NULL,'5705','Seventh Road','Chattanooga','Tennessee','37402','USA',1),(226,NULL,'2831','Tenth Parkway','Chattanooga','Tennessee','37402','USA',1),(227,NULL,'2260','Cedar Lane','Chattanooga','Tennessee','37415','USA',1),(228,NULL,'2236','Fourth Lane','Chattanooga','Tennessee','37411','USA',1),(229,NULL,'3025','Main Avenue','Chattanooga','Tennessee','37403','USA',1),(230,NULL,'2401','Third Parkway','Chattanooga','Tennessee','37407','USA',1),(231,NULL,'300','Second Avenue','Chattanooga','Tennessee','37450','USA',1),(232,NULL,'5743','Maple Lane','Chattanooga','Tennessee','37411','USA',1),(233,NULL,'5315','Maple Road','Lookout Mountain','Tennessee','37350','USA',1),(234,NULL,'8945','Fifth Avenue','Bakewell','Tennessee','37304','USA',1),(235,NULL,'1723','Pine Lane','Chattanooga','Tennessee','37407','USA',1),(236,NULL,'4507','Ninth Parkway','Chattanooga','Tennessee','37408','USA',1),(237,NULL,'777','Pine Street','Harrison','Tennessee','37341','USA',1),(238,NULL,'4334','Franklin Street','Chattanooga','Tennessee','37403','USA',1),(239,NULL,'1010','Elm Highway','Signal Mountain','Tennessee','37377','USA',1),(240,NULL,'172','Eighth Boulevard','Chattanooga','Tennessee','37410','USA',1),(241,NULL,'221','First Road','Chattanooga','Tennessee','37407','USA',1),(242,NULL,'4951','Hamilton Road','Chattanooga','Tennessee','37402','USA',1),(243,NULL,'3984','Franklin Parkway','Chattanooga','Tennessee','37409','USA',1),(244,NULL,'318','Seventh Highway','Hixson','Tennessee','37343','USA',1),(245,NULL,'4537','Franklin Boulevard','Soddy Daisy','Tennessee','37379','USA',1),(246,NULL,'6032','Eighth Avenue','Chattanooga','Tennessee','37421','USA',1),(247,NULL,'3426','Sixth Highway','Sale Creek','Tennessee','37373','USA',1),(248,NULL,'7168','Cherry Avenue','Birchwood','Tennessee','37308','USA',1),(249,NULL,'2442','Elm Highway','Chattanooga','Tennessee','37450','USA',1),(250,NULL,'2840','Second Road','Chattanooga','Tennessee','37412','USA',1),(251,NULL,'8229','Cedar Parkway','Apison','Tennessee','37302','USA',1),(252,NULL,'2340','Elm Road','Chattanooga','Tennessee','37408','USA',1),(253,NULL,'8116','Eucalyptus Street','Chattanooga','Tennessee','37408','USA',1),(254,NULL,'9594','Cedar Lane','Chattanooga','Tennessee','37411','USA',1),(255,NULL,'5740','Franklin Parkway','Chattanooga','Tennessee','37410','USA',1),(256,NULL,'7345','Palm Road','Sale Creek','Tennessee','37373','USA',1),(257,NULL,'2694','Dogwood Avenue','Chattanooga','Tennessee','37416','USA',1),(258,NULL,'9996','First Road','Chattanooga','Tennessee','37412','USA',1),(259,NULL,'2125','Cherry Road','Chattanooga','Tennessee','37405','USA',1),(260,NULL,'6054','Franklin Parkway','Signal Mountain','Tennessee','37377','USA',1),(261,NULL,'6400','Spruce Avenue','Chattanooga','Tennessee','37412','USA',1),(262,NULL,'7764','Ninth Avenue','Chattanooga','Tennessee','37407','USA',1),(263,NULL,'4818','Elm Highway','Chattanooga','Tennessee','37409','USA',1),(264,NULL,'222','Franklin Boulevard','Chattanooga','Tennessee','37407','USA',1),(265,NULL,'870','Oak Lane','Chattanooga','Tennessee','37419','USA',1),(266,NULL,'728','Seventh Street','Chattanooga','Tennessee','37410','USA',1),(267,NULL,'480','First Road','Chattanooga','Tennessee','37450','USA',1),(268,NULL,'5921','Park Street','Lookout Mountain','Tennessee','37350','USA',1),(269,NULL,'3797','First Road','Chattanooga','Tennessee','37421','USA',1),(270,NULL,'5568','Hamilton Boulevard','Chattanooga','Tennessee','37407','USA',1),(271,NULL,'4402','Oak Highway','Chattanooga','Tennessee','37406','USA',1),(272,NULL,'3711','Palm Boulevard','Chattanooga','Tennessee','37410','USA',1),(273,NULL,'7899','Cherry Parkway','Signal Mountain','Tennessee','37377','USA',1),(274,NULL,'9598','Maple Lane','Chattanooga','Tennessee','37450','USA',1),(275,NULL,'1162','Second Boulevard','Chattanooga','Tennessee','37407','USA',1),(276,NULL,'4924','Pine Parkway','Chattanooga','Tennessee','37411','USA',1),(277,NULL,'9050','Fir Highway','Apison','Tennessee','37302','USA',1),(278,NULL,'6015','Eucalyptus Road','Chattanooga','Tennessee','37406','USA',1),(279,NULL,'137','Spruce Parkway','Apison','Tennessee','37302','USA',1),(280,NULL,'9992','First Road','Apison','Tennessee','37302','USA',1),(281,NULL,'153','Hamilton Lane','Chattanooga','Tennessee','37416','USA',1),(282,NULL,'7943','Franklin Road','Apison','Tennessee','37302','USA',1),(283,NULL,'7240','Ninth Road','Lookout Mountain','Tennessee','37350','USA',1),(284,NULL,'5753','Palm Boulevard','Chattanooga','Tennessee','37408','USA',1),(285,NULL,'1263','Fifth Boulevard','Chattanooga','Tennessee','37421','USA',1),(286,NULL,'3745','Second Avenue','Chattanooga','Tennessee','37419','USA',1),(287,NULL,'5749','Spruce Street','Chattanooga','Tennessee','37450','USA',1),(288,NULL,'4629','Fourth Highway','Chattanooga','Tennessee','37419','USA',1),(289,NULL,'3509','Grove Boulevard','Chattanooga','Tennessee','37406','USA',1),(290,NULL,'763','Palm Boulevard','Chattanooga','Tennessee','37410','USA',1),(291,NULL,'1862','Fir Parkway','Chattanooga','Tennessee','37408','USA',1),(292,NULL,'9450','Grove Road','Lupton City','Tennessee','37351','USA',1),(293,NULL,'5039','Maple Street','Chattanooga','Tennessee','37405','USA',1),(294,NULL,'7242','Oak Avenue','Chattanooga','Tennessee','37416','USA',1),(295,NULL,'7001','Palm Avenue','Chattanooga','Tennessee','37450','USA',1),(296,NULL,'8315','Park Boulevard','Chattanooga','Tennessee','37409','USA',1),(297,NULL,'1790','Sixth Parkway','Chattanooga','Tennessee','37409','USA',1),(298,NULL,'6390','Washington Highway','Chattanooga','Tennessee','37419','USA',1),(299,NULL,'285','Park Street','Hixson','Tennessee','37343','USA',1),(300,NULL,'9762','Palm Parkway','Lookout Mountain','Tennessee','37350','USA',1),(301,NULL,'2153','Grove Boulevard','Chattanooga','Tennessee','37410','USA',1),(302,NULL,'747','Ninth Street','Chattanooga','Tennessee','37421','USA',1),(303,NULL,'71','Dogwood Parkway','Birchwood','Tennessee','37308','USA',1),(304,NULL,'6840','Fourth Lane','Apison','Tennessee','37302','USA',1),(305,NULL,'7142','Eighth Parkway','Chattanooga','Tennessee','37411','USA',1),(306,NULL,'6246','Ninth Street','Lookout Mountain','Tennessee','37350','USA',1),(307,NULL,'4232','Washington Lane','Chattanooga','Tennessee','37409','USA',1),(308,NULL,'9867','Franklin Road','Sale Creek','Tennessee','37373','USA',1),(309,NULL,'7381','Fifth Lane','Chattanooga','Tennessee','37404','USA',1),(310,NULL,'9198','Washington Lane','Soddy Daisy','Tennessee','37379','USA',1),(311,NULL,'8631','Oak Parkway','Harrison','Tennessee','37341','USA',1),(312,NULL,'9140','Lincoln Parkway','Chattanooga','Tennessee','37416','USA',1),(313,NULL,'8382','First Road','Chattanooga','Tennessee','37409','USA',1),(314,NULL,'2477','Seventh Boulevard','Chattanooga','Tennessee','37407','USA',1),(315,NULL,'2608','Tenth Avenue','Sale Creek','Tennessee','37373','USA',1),(316,NULL,'8298','Elm Highway','Sale Creek','Tennessee','37373','USA',1),(317,NULL,'9455','Fir Road','Chattanooga','Tennessee','37403','USA',1),(318,NULL,'6481','First Lane','Hixson','Tennessee','37343','USA',1),(319,NULL,'1122','Spruce Lane','Ooltewah','Tennessee','37363','USA',1),(320,NULL,'4969','Pine Highway','Chattanooga','Tennessee','37407','USA',1),(321,NULL,'1406','Park Street','Chattanooga','Tennessee','37404','USA',1),(322,NULL,'7647','Ninth Avenue','Chattanooga','Tennessee','37403','USA',1),(323,NULL,'6491','Park Lane','Hixson','Tennessee','37343','USA',1),(324,NULL,'5257','Ninth Parkway','Chattanooga','Tennessee','37406','USA',1),(325,NULL,'7418','Cedar Parkway','Birchwood','Tennessee','37308','USA',1),(326,NULL,'9045','Cedar Lane','Chattanooga','Tennessee','37410','USA',1),(327,NULL,'6936','Palm Boulevard','Chattanooga','Tennessee','37419','USA',1),(328,NULL,'8417','Park Highway','Chattanooga','Tennessee','37411','USA',1),(329,NULL,'4190','Cedar Lane','Chattanooga','Tennessee','37404','USA',1),(330,NULL,'6322','Hamilton Boulevard','Chattanooga','Tennessee','37406','USA',1),(331,NULL,'4507','Lincoln Highway','Chattanooga','Tennessee','37405','USA',1),(332,NULL,'8413','Hamilton Road','Chattanooga','Tennessee','37409','USA',1),(333,NULL,'5472','Seventh Highway','Chattanooga','Tennessee','37403','USA',1),(334,NULL,'1422','Eighth Parkway','Chattanooga','Tennessee','37407','USA',1),(335,NULL,'7096','Main Avenue','Hixson','Tennessee','37343','USA',1),(336,NULL,'6791','Tenth Boulevard','Chattanooga','Tennessee','37421','USA',1),(337,NULL,'2497','Fir Road','Chattanooga','Tennessee','37407','USA',1),(338,NULL,'153','Elm Lane','Chattanooga','Tennessee','37409','USA',1),(339,NULL,'2845','Franklin Lane','Chattanooga','Tennessee','37407','USA',1),(340,NULL,'9949','Pine Lane','Chattanooga','Tennessee','37402','USA',1),(341,NULL,'9714','Fourth Highway','Chattanooga','Tennessee','37407','USA',1),(342,NULL,'5266','Lincoln Parkway','Chattanooga','Tennessee','37406','USA',1),(343,NULL,'3477','Fifth Boulevard','Harrison','Tennessee','37341','USA',1),(344,NULL,'9751','Oak Street','Chattanooga','Tennessee','37406','USA',1),(345,NULL,'8087','Acacia Lane','Chattanooga','Tennessee','37407','USA',1),(346,NULL,'8908','Dogwood Avenue','Apison','Tennessee','37302','USA',1),(347,NULL,'6268','Palm Highway','Chattanooga','Tennessee','37421','USA',1),(348,NULL,'3863','Washington Avenue','Harrison','Tennessee','37341','USA',1),(349,NULL,'9274','Main Highway','Chattanooga','Tennessee','37410','USA',1),(350,NULL,'3156','Franklin Lane','Signal Mountain','Tennessee','37377','USA',1),(351,NULL,'7905','Elm Street','Apison','Tennessee','37302','USA',1),(352,NULL,'1784','Seventh Road','Signal Mountain','Tennessee','37377','USA',1),(353,NULL,'558','Cedar Boulevard','Chattanooga','Tennessee','37410','USA',1),(354,NULL,'9477','Cedar Lane','Chattanooga','Tennessee','37405','USA',1),(355,NULL,'1708','Cherry Highway','Chattanooga','Tennessee','37450','USA',1),(356,NULL,'5755','Tenth Lane','Chattanooga','Tennessee','37416','USA',1),(357,NULL,'9728','Lincoln Road','Chattanooga','Tennessee','37410','USA',1),(358,NULL,'9216','Ninth Boulevard','Chattanooga','Tennessee','37402','USA',1),(359,NULL,'6666','Fourth Parkway','Chattanooga','Tennessee','37402','USA',1),(360,NULL,'1011','Third Avenue','Harrison','Tennessee','37341','USA',1),(361,NULL,'2758','Park Boulevard','Hixson','Tennessee','37343','USA',1),(362,NULL,'6832','Pine Avenue','Bakewell','Tennessee','37304','USA',1),(363,NULL,'9801','Third Boulevard','Lupton City','Tennessee','37351','USA',1),(364,NULL,'6409','Washington Boulevard','Chattanooga','Tennessee','37406','USA',1),(365,NULL,'2128','First Lane','Soddy Daisy','Tennessee','37379','USA',1),(366,NULL,'8940','Fir Boulevard','Chattanooga','Tennessee','37419','USA',1),(367,NULL,'3890','Oak Road','Apison','Tennessee','37302','USA',1),(368,NULL,'5326','Grove Lane','Chattanooga','Tennessee','37404','USA',1),(369,NULL,'6400','Elm Street','Chattanooga','Tennessee','37405','USA',1),(370,NULL,'6828','First Parkway','Soddy Daisy','Tennessee','37379','USA',1),(371,NULL,'4826','Maple Avenue','Ooltewah','Tennessee','37363','USA',1),(372,NULL,'9005','Seventh Avenue','Harrison','Tennessee','37341','USA',1),(373,NULL,'5091','Lincoln Street','Chattanooga','Tennessee','37419','USA',1),(374,NULL,'5950','Spruce Road','Sale Creek','Tennessee','37373','USA',1),(375,NULL,'6971','Fir Lane','Chattanooga','Tennessee','37409','USA',1),(376,NULL,'4742','Pine Lane','Lookout Mountain','Tennessee','37350','USA',1),(377,NULL,'4467','Fir Road','Soddy Daisy','Tennessee','37379','USA',1),(378,NULL,'4897','Oak Highway','Chattanooga','Tennessee','37419','USA',1),(379,NULL,'904','Fifth Parkway','Birchwood','Tennessee','37308','USA',1),(380,NULL,'6374','Sixth Road','Chattanooga','Tennessee','37416','USA',1),(381,NULL,'532','Maple Boulevard','Signal Mountain','Tennessee','37377','USA',1),(382,NULL,'1251','Fir Boulevard','Hixson','Tennessee','37343','USA',1),(383,NULL,'433','Dogwood Highway','Hixson','Tennessee','37343','USA',1),(384,NULL,'3614','First Parkway','Lupton City','Tennessee','37351','USA',1),(385,NULL,'7839','Second Street','Birchwood','Tennessee','37308','USA',1),(386,NULL,'2738','Fifth Parkway','Chattanooga','Tennessee','37408','USA',1),(387,NULL,'1397','Eucalyptus Boulevard','Chattanooga','Tennessee','37416','USA',1),(388,NULL,'1868','Cherry Avenue','Sale Creek','Tennessee','37373','USA',1),(389,NULL,'9161','Cherry Street','Chattanooga','Tennessee','37410','USA',1),(390,NULL,'6623','Eighth Highway','Chattanooga','Tennessee','37407','USA',1),(391,NULL,'874','Ninth Boulevard','Sale Creek','Tennessee','37373','USA',1),(392,NULL,'6108','Cherry Street','Chattanooga','Tennessee','37410','USA',1),(393,NULL,'2346','Fifth Highway','Bakewell','Tennessee','37304','USA',1),(394,NULL,'595','Cherry Highway','Ooltewah','Tennessee','37363','USA',1),(395,NULL,'6767','Maple Boulevard','Chattanooga','Tennessee','37419','USA',1),(396,NULL,'8241','Cherry Street','Chattanooga','Tennessee','37403','USA',1),(397,NULL,'142','First Lane','Sale Creek','Tennessee','37373','USA',1),(398,NULL,'8770','Main Avenue','Sale Creek','Tennessee','37373','USA',1),(399,NULL,'2019','Hamilton Boulevard','Chattanooga','Tennessee','37402','USA',1),(400,NULL,'8454','Grove Road','Apison','Tennessee','37302','USA',1),(401,NULL,'6696','Ninth Lane','Apison','Tennessee','37302','USA',1),(402,NULL,'8159','Sixth Street','Chattanooga','Tennessee','37405','USA',1),(403,NULL,'2639','Oak Lane','Lookout Mountain','Tennessee','37350','USA',1),(404,NULL,'9052','Hamilton Street','Lupton City','Tennessee','37351','USA',1),(405,NULL,'3562','Fourth Highway','Chattanooga','Tennessee','37419','USA',1),(406,NULL,'6681','Lincoln Street','Chattanooga','Tennessee','37404','USA',1),(407,NULL,'6122','Second Lane','Lookout Mountain','Tennessee','37350','USA',1),(408,NULL,'3038','Franklin Avenue','Lupton City','Tennessee','37351','USA',1),(409,NULL,'6146','Elm Avenue','Lupton City','Tennessee','37351','USA',1),(410,NULL,'1179','Fir Lane','Soddy Daisy','Tennessee','37379','USA',1),(411,NULL,'7106','Ninth Road','Lookout Mountain','Tennessee','37350','USA',1),(412,NULL,'9848','Cedar Lane','Sale Creek','Tennessee','37373','USA',1),(413,NULL,'4516','Spruce Parkway','Chattanooga','Tennessee','37450','USA',1),(414,NULL,'1266','First Highway','Chattanooga','Tennessee','37411','USA',1),(415,NULL,'4707','Dogwood Highway','Chattanooga','Tennessee','37402','USA',1),(416,NULL,'5300','Lincoln Avenue','Chattanooga','Tennessee','37416','USA',1),(417,NULL,'2364','Lincoln Street','Signal Mountain','Tennessee','37377','USA',1),(418,NULL,'2808','Palm Lane','Chattanooga','Tennessee','37404','USA',1),(419,NULL,'8880','Spruce Road','Chattanooga','Tennessee','37406','USA',1),(420,NULL,'2767','Oak Parkway','Apison','Tennessee','37302','USA',1),(421,NULL,'743','Fourth Highway','Chattanooga','Tennessee','37412','USA',1),(422,NULL,'1385','Hamilton Parkway','Chattanooga','Tennessee','37415','USA',1),(423,NULL,'8875','Grove Avenue','Chattanooga','Tennessee','37407','USA',1),(424,NULL,'7307','Lincoln Street','Chattanooga','Tennessee','37410','USA',1),(425,NULL,'5386','Park Avenue','Ooltewah','Tennessee','37363','USA',1),(426,NULL,'2980','Palm Lane','Chattanooga','Tennessee','37406','USA',1),(427,NULL,'1966','Sixth Boulevard','Chattanooga','Tennessee','37412','USA',1),(428,NULL,'6508','Sixth Avenue','Chattanooga','Tennessee','37408','USA',1),(429,NULL,'4983','Tenth Lane','Soddy Daisy','Tennessee','37379','USA',1),(430,NULL,'5423','Park Parkway','Chattanooga','Tennessee','37409','USA',1),(431,NULL,'1742','Cherry Parkway','Lupton City','Tennessee','37351','USA',1),(432,NULL,'3374','Cherry Street','Chattanooga','Tennessee','37416','USA',1),(433,NULL,'6891','Palm Boulevard','Signal Mountain','Tennessee','37377','USA',1),(434,NULL,'594','Hamilton Highway','Chattanooga','Tennessee','37409','USA',1),(435,NULL,'2866','Ninth Parkway','Chattanooga','Tennessee','37412','USA',1),(436,NULL,'6647','Spruce Highway','Chattanooga','Tennessee','37415','USA',1),(437,NULL,'8830','Lincoln Lane','Chattanooga','Tennessee','37402','USA',1),(438,NULL,'7566','Eighth Parkway','Soddy Daisy','Tennessee','37379','USA',1),(439,NULL,'4463','Lincoln Parkway','Birchwood','Tennessee','37308','USA',1),(440,NULL,'2428','Tenth Lane','Chattanooga','Tennessee','37450','USA',1),(441,NULL,'4112','Main Lane','Chattanooga','Tennessee','37412','USA',1),(442,NULL,'4438','Tenth Avenue','Chattanooga','Tennessee','37403','USA',1),(443,NULL,'8652','Oak Avenue','Chattanooga','Tennessee','37410','USA',1),(444,NULL,'8626','Fourth Parkway','Soddy Daisy','Tennessee','37379','USA',1),(445,NULL,'6514','Cedar Boulevard','Chattanooga','Tennessee','37405','USA',1),(446,NULL,'3814','Oak Street','Chattanooga','Tennessee','37419','USA',1),(447,NULL,'5241','Third Highway','Lupton City','Tennessee','37351','USA',1),(448,NULL,'8649','Grove Parkway','Chattanooga','Tennessee','37409','USA',1),(449,NULL,'5934','Fir Highway','Lupton City','Tennessee','37351','USA',1),(450,NULL,'7901','Seventh Avenue','Chattanooga','Tennessee','37404','USA',1),(451,NULL,'2211','Hamilton Parkway','Chattanooga','Tennessee','37404','USA',1),(452,NULL,'7845','First Boulevard','Birchwood','Tennessee','37308','USA',1),(453,NULL,'1407','Third Avenue','Soddy Daisy','Tennessee','37379','USA',1),(454,NULL,'6884','Fifth Boulevard','Chattanooga','Tennessee','37412','USA',1),(455,NULL,'9663','Dogwood Parkway','Chattanooga','Tennessee','37404','USA',1),(456,NULL,'3509','Grove Road','Birchwood','Tennessee','37308','USA',1),(457,NULL,'6179','Maple Lane','Chattanooga','Tennessee','37421','USA',1),(458,NULL,'97','Spruce Boulevard','Harrison','Tennessee','37341','USA',1),(459,NULL,'6201','Pine Boulevard','Chattanooga','Tennessee','37412','USA',1),(460,NULL,'6545','First Street','Chattanooga','Tennessee','37408','USA',1),(461,NULL,'4641','Grove Lane','Sale Creek','Tennessee','37373','USA',1),(462,NULL,'3848','Lincoln Highway','Chattanooga','Tennessee','37406','USA',1),(463,NULL,'4491','Second Avenue','Chattanooga','Tennessee','37410','USA',1),(464,NULL,'5696','Second Lane','Lupton City','Tennessee','37351','USA',1),(465,NULL,'6103','Main Avenue','Apison','Tennessee','37302','USA',1),(466,NULL,'2826','Second Boulevard','Chattanooga','Tennessee','37412','USA',1),(467,NULL,'4260','Sixth Lane','Chattanooga','Tennessee','37409','USA',1),(468,NULL,'382','Hamilton Boulevard','Apison','Tennessee','37302','USA',1),(469,NULL,'7546','Eucalyptus Highway','Ooltewah','Tennessee','37363','USA',1),(470,NULL,'6884','Acacia Street','Sale Creek','Tennessee','37373','USA',1),(471,NULL,'7278','Hamilton Avenue','Birchwood','Tennessee','37308','USA',1),(472,NULL,'7611','Ninth Road','Bakewell','Tennessee','37304','USA',1),(473,NULL,'9488','Fir Highway','Chattanooga','Tennessee','37409','USA',1),(474,NULL,'2439','Seventh Avenue','Soddy Daisy','Tennessee','37379','USA',1),(475,NULL,'9469','Maple Boulevard','Chattanooga','Tennessee','37421','USA',1),(476,NULL,'4984','Seventh Boulevard','Chattanooga','Tennessee','37416','USA',1),(477,NULL,'1341','Spruce Boulevard','Chattanooga','Tennessee','37416','USA',1),(478,NULL,'23','Hamilton Avenue','Bakewell','Tennessee','37304','USA',1),(479,NULL,'3017','Spruce Road','Chattanooga','Tennessee','37450','USA',1),(480,NULL,'4103','Third Parkway','Bakewell','Tennessee','37304','USA',1),(481,NULL,'9037','Fifth Lane','Signal Mountain','Tennessee','37377','USA',1),(482,NULL,'995','Sixth Street','Bakewell','Tennessee','37304','USA',1),(483,NULL,'2163','Washington Avenue','Chattanooga','Tennessee','37416','USA',1),(484,NULL,'8096','Franklin Avenue','Chattanooga','Tennessee','37415','USA',1),(485,NULL,'5462','Fourth Parkway','Chattanooga','Tennessee','37402','USA',1),(486,NULL,'2233','Park Street','Chattanooga','Tennessee','37409','USA',1),(487,NULL,'1741','Acacia Lane','Signal Mountain','Tennessee','37377','USA',1),(488,NULL,'9294','Oak Street','Chattanooga','Tennessee','37408','USA',1),(489,NULL,'3144','Eucalyptus Parkway','Chattanooga','Tennessee','37408','USA',1),(490,NULL,'8453','Palm Boulevard','Chattanooga','Tennessee','37402','USA',1),(491,NULL,'558','Sixth Parkway','Lupton City','Tennessee','37351','USA',1),(492,NULL,'6280','Acacia Street','Chattanooga','Tennessee','37419','USA',1),(493,NULL,'2970','Maple Highway','Soddy Daisy','Tennessee','37379','USA',1),(494,NULL,'5639','First Street','Chattanooga','Tennessee','37419','USA',1),(495,NULL,'7572','Acacia Road','Chattanooga','Tennessee','37411','USA',1),(496,NULL,'8459','Second Avenue','Lupton City','Tennessee','37351','USA',1),(497,NULL,'4705','Main Highway','Chattanooga','Tennessee','37404','USA',1),(498,NULL,'2546','Elm Boulevard','Sale Creek','Tennessee','37373','USA',1),(499,NULL,'6496','Acacia Highway','Ooltewah','Tennessee','37363','USA',1),(500,NULL,'8025','First Street','Signal Mountain','Tennessee','37377','USA',1),(501,NULL,'2080','Fifth Lane','Apison','Tennessee','37302','USA',1),(502,NULL,'3501','Eighth Street','Sale Creek','Tennessee','37373','USA',1),(503,NULL,'1923','Palm Boulevard','Birchwood','Tennessee','37308','USA',1),(504,NULL,'4811','Eighth Avenue','Chattanooga','Tennessee','37412','USA',1),(505,NULL,'237','Hamilton Highway','Soddy Daisy','Tennessee','37379','USA',1),(506,NULL,'2618','Tenth Highway','Chattanooga','Tennessee','37407','USA',1),(507,NULL,'7302','Washington Highway','Chattanooga','Tennessee','37411','USA',1),(508,NULL,'2613','Elm Boulevard','Hixson','Tennessee','37343','USA',1),(509,NULL,'9652','Acacia Street','Chattanooga','Tennessee','37405','USA',1),(510,NULL,'5277','Third Highway','Ooltewah','Tennessee','37363','USA',1),(511,NULL,'4818','Ninth Avenue','Chattanooga','Tennessee','37407','USA',1),(512,NULL,'7318','Pine Parkway','Chattanooga','Tennessee','37410','USA',1),(513,NULL,'7943','Pine Boulevard','Bakewell','Tennessee','37304','USA',1),(514,NULL,'7694','Lincoln Avenue','Chattanooga','Tennessee','37407','USA',1),(515,NULL,'4488','Cedar Road','Chattanooga','Tennessee','37416','USA',1),(516,NULL,'5544','First Highway','Chattanooga','Tennessee','37407','USA',1),(517,NULL,'1764','Park Boulevard','Chattanooga','Tennessee','37450','USA',1),(518,NULL,'2164','Franklin Highway','Chattanooga','Tennessee','37405','USA',1),(519,NULL,'7699','Eucalyptus Highway','Chattanooga','Tennessee','37405','USA',1),(520,NULL,'7209','Pine Road','Soddy Daisy','Tennessee','37379','USA',1),(521,NULL,'5888','Third Lane','Lupton City','Tennessee','37351','USA',1),(522,NULL,'8470','Dogwood Lane','Lookout Mountain','Tennessee','37350','USA',1),(523,NULL,'5791','Ninth Avenue','Chattanooga','Tennessee','37402','USA',1),(524,NULL,'2184','Spruce Parkway','Chattanooga','Tennessee','37403','USA',1),(525,NULL,'3048','Elm Street','Lookout Mountain','Tennessee','37350','USA',1),(526,NULL,'820','Pine Lane','Chattanooga','Tennessee','37406','USA',1),(527,NULL,'6802','Park Road','Chattanooga','Tennessee','37412','USA',1),(528,NULL,'4504','Eucalyptus Parkway','Chattanooga','Tennessee','37408','USA',1),(529,NULL,'3253','Fourth Street','Ooltewah','Tennessee','37363','USA',1),(530,NULL,'9090','Franklin Highway','Signal Mountain','Tennessee','37377','USA',1),(531,NULL,'5006','Hamilton Highway','Chattanooga','Tennessee','37402','USA',1),(532,NULL,'7504','Palm Road','Hixson','Tennessee','37343','USA',1),(533,NULL,'6500','Main Street','Harrison','Tennessee','37341','USA',1),(534,NULL,'3086','Sixth Road','Sale Creek','Tennessee','37373','USA',1),(535,NULL,'3952','Pine Road','Chattanooga','Tennessee','37410','USA',1),(536,NULL,'6317','Elm Street','Harrison','Tennessee','37341','USA',1),(537,NULL,'4551','Lincoln Parkway','Chattanooga','Tennessee','37411','USA',1),(538,NULL,'2495','Franklin Highway','Chattanooga','Tennessee','37409','USA',1),(539,NULL,'5441','Franklin Road','Chattanooga','Tennessee','37408','USA',1),(540,NULL,'4825','Grove Parkway','Chattanooga','Tennessee','37415','USA',1),(541,NULL,'4887','Eighth Lane','Birchwood','Tennessee','37308','USA',1),(542,NULL,'5018','Maple Boulevard','Soddy Daisy','Tennessee','37379','USA',1),(543,NULL,'9013','Hamilton Boulevard','Chattanooga','Tennessee','37421','USA',1),(544,NULL,'6220','Palm Road','Chattanooga','Tennessee','37408','USA',1),(545,NULL,'7991','Sixth Lane','Chattanooga','Tennessee','37408','USA',1),(546,NULL,'53','Eighth Boulevard','Sale Creek','Tennessee','37373','USA',1),(547,NULL,'7154','Palm Avenue','Apison','Tennessee','37302','USA',1),(548,NULL,'6090','Ninth Highway','Lupton City','Tennessee','37351','USA',1),(549,NULL,'3173','Dogwood Road','Birchwood','Tennessee','37308','USA',1),(550,NULL,'5544','Tenth Highway','Apison','Tennessee','37302','USA',1),(551,NULL,'9845','Sixth Parkway','Apison','Tennessee','37302','USA',1),(552,NULL,'9404','Hamilton Lane','Chattanooga','Tennessee','37450','USA',1),(553,NULL,'4222','Tenth Parkway','Ooltewah','Tennessee','37363','USA',1),(554,NULL,'7371','Washington Boulevard','Chattanooga','Tennessee','37415','USA',1),(555,NULL,'2641','Second Street','Lupton City','Tennessee','37351','USA',1),(556,NULL,'1291','Cherry Parkway','Chattanooga','Tennessee','37416','USA',1),(557,NULL,'6617','Grove Road','Chattanooga','Tennessee','37402','USA',1),(558,NULL,'2522','Franklin Highway','Apison','Tennessee','37302','USA',1),(559,NULL,'9977','Dogwood Lane','Sale Creek','Tennessee','37373','USA',1),(560,NULL,'8947','Acacia Lane','Lookout Mountain','Tennessee','37350','USA',1),(561,NULL,'3586','Second Boulevard','Ooltewah','Tennessee','37363','USA',1),(562,NULL,'4809','Tenth Lane','Chattanooga','Tennessee','37402','USA',1),(563,NULL,'1519','Eucalyptus Boulevard','Chattanooga','Tennessee','37405','USA',1),(564,NULL,'2276','Third Road','Chattanooga','Tennessee','37405','USA',1),(565,NULL,'250','Elm Highway','Chattanooga','Tennessee','37450','USA',1),(566,NULL,'3210','Franklin Avenue','Signal Mountain','Tennessee','37377','USA',1),(567,NULL,'3200','Oak Boulevard','Birchwood','Tennessee','37308','USA',1),(568,NULL,'7327','Sixth Lane','Hixson','Tennessee','37343','USA',1),(569,NULL,'1858','Main Avenue','Chattanooga','Tennessee','37412','USA',1),(570,NULL,'5884','Tenth Boulevard','Chattanooga','Tennessee','37403','USA',1),(571,NULL,'7070','Tenth Parkway','Sale Creek','Tennessee','37373','USA',1),(572,NULL,'8399','Fourth Lane','Chattanooga','Tennessee','37402','USA',1),(573,NULL,'6420','Fifth Avenue','Chattanooga','Tennessee','37403','USA',1),(574,NULL,'7356','Seventh Parkway','Chattanooga','Tennessee','37408','USA',1),(575,NULL,'3630','Oak Highway','Chattanooga','Tennessee','37415','USA',1),(576,NULL,'7316','Franklin Highway','Chattanooga','Tennessee','37421','USA',1),(577,NULL,'3128','Oak Parkway','Chattanooga','Tennessee','37405','USA',1),(578,NULL,'6','Ninth Highway','Chattanooga','Tennessee','37405','USA',1),(579,NULL,'8460','Sixth Boulevard','Chattanooga','Tennessee','37412','USA',1),(580,NULL,'4908','Grove Lane','Chattanooga','Tennessee','37416','USA',1),(581,NULL,'7968','Grove Street','Lookout Mountain','Tennessee','37350','USA',1),(582,NULL,'343','Cherry Highway','Chattanooga','Tennessee','37421','USA',1),(583,NULL,'3564','Seventh Avenue','Harrison','Tennessee','37341','USA',1),(584,NULL,'3548','Cherry Road','Ooltewah','Tennessee','37363','USA',1),(585,NULL,'6364','Park Boulevard','Chattanooga','Tennessee','37412','USA',1),(586,NULL,'6337','Seventh Avenue','Sale Creek','Tennessee','37373','USA',1),(587,NULL,'4318','Cedar Boulevard','Harrison','Tennessee','37341','USA',1),(588,NULL,'4172','Park Parkway','Chattanooga','Tennessee','37410','USA',1),(589,NULL,'9604','Ninth Boulevard','Chattanooga','Tennessee','37410','USA',1),(590,NULL,'941','Dogwood Avenue','Chattanooga','Tennessee','37407','USA',1),(591,NULL,'9406','Seventh Lane','Chattanooga','Tennessee','37421','USA',1),(592,NULL,'5379','Elm Lane','Hixson','Tennessee','37343','USA',1),(593,NULL,'9489','Maple Highway','Birchwood','Tennessee','37308','USA',1),(594,NULL,'1773','Oak Highway','Chattanooga','Tennessee','37415','USA',1),(595,NULL,'9185','Fifth Lane','Chattanooga','Tennessee','37419','USA',1),(596,NULL,'2072','Palm Parkway','Chattanooga','Tennessee','37450','USA',1),(597,NULL,'3720','Eucalyptus Parkway','Lupton City','Tennessee','37351','USA',1),(598,NULL,'6623','Second Road','Chattanooga','Tennessee','37405','USA',1),(599,NULL,'2509','Cedar Street','Chattanooga','Tennessee','37403','USA',1),(600,NULL,'4847','Cedar Street','Chattanooga','Tennessee','37450','USA',1),(601,NULL,'3496','Third Street','Chattanooga','Tennessee','37450','USA',1),(602,NULL,'8772','Dogwood Lane','Chattanooga','Tennessee','37402','USA',1),(603,NULL,'1404','Tenth Parkway','Chattanooga','Tennessee','37409','USA',1),(604,NULL,'652','Grove Parkway','Chattanooga','Tennessee','37412','USA',1),(605,NULL,'1779','Main Highway','Chattanooga','Tennessee','37421','USA',1),(606,NULL,'5330','Oak Boulevard','Hixson','Tennessee','37343','USA',1),(607,NULL,'9056','First Avenue','Bakewell','Tennessee','37304','USA',1),(608,NULL,'8467','Hamilton Road','Hixson','Tennessee','37343','USA',1),(609,NULL,'8322','Fifth Parkway','Harrison','Tennessee','37341','USA',1),(610,NULL,'4208','Fourth Boulevard','Signal Mountain','Tennessee','37377','USA',1),(611,NULL,'5982','Fifth Lane','Chattanooga','Tennessee','37404','USA',1),(612,NULL,'4788','Elm Avenue','Sale Creek','Tennessee','37373','USA',1),(613,NULL,'9897','Franklin Parkway','Chattanooga','Tennessee','37410','USA',1),(614,NULL,'6626','Lincoln Lane','Chattanooga','Tennessee','37405','USA',1),(615,NULL,'4767','Tenth Street','Chattanooga','Tennessee','37450','USA',1),(616,NULL,'4931','Pine Parkway','Harrison','Tennessee','37341','USA',1),(617,NULL,'5938','Maple Avenue','Chattanooga','Tennessee','37402','USA',1),(618,NULL,'4170','Dogwood Street','Chattanooga','Tennessee','37403','USA',1),(619,NULL,'9636','Fifth Parkway','Chattanooga','Tennessee','37412','USA',1),(620,NULL,'7351','Hamilton Road','Chattanooga','Tennessee','37403','USA',1),(621,NULL,'5156','Cherry Highway','Ooltewah','Tennessee','37363','USA',1),(622,NULL,'3824','Fourth Street','Soddy Daisy','Tennessee','37379','USA',1),(623,NULL,'4599','Fourth Road','Sale Creek','Tennessee','37373','USA',1),(624,NULL,'6870','Third Street','Chattanooga','Tennessee','37450','USA',1),(625,NULL,'1882','Second Avenue','Harrison','Tennessee','37341','USA',1),(626,NULL,'7805','Lincoln Street','Lupton City','Tennessee','37351','USA',1),(627,NULL,'2005','Ninth Lane','Signal Mountain','Tennessee','37377','USA',1),(628,NULL,'2648','Tenth Highway','Lookout Mountain','Tennessee','37350','USA',1),(629,NULL,'9498','Second Parkway','Chattanooga','Tennessee','37409','USA',1),(630,NULL,'5340','First Parkway','Chattanooga','Tennessee','37410','USA',1),(631,NULL,'5860','Lincoln Road','Chattanooga','Tennessee','37402','USA',1),(632,NULL,'1241','Palm Lane','Chattanooga','Tennessee','37407','USA',1),(633,NULL,'580','Washington Lane','Chattanooga','Tennessee','37410','USA',1),(634,NULL,'3913','Park Road','Chattanooga','Tennessee','37411','USA',1),(635,NULL,'529','Third Highway','Chattanooga','Tennessee','37409','USA',1),(636,NULL,'9628','Eucalyptus Boulevard','Bakewell','Tennessee','37304','USA',1),(637,NULL,'4122','Lincoln Avenue','Chattanooga','Tennessee','37408','USA',1),(638,NULL,'7305','Lincoln Highway','Chattanooga','Tennessee','37407','USA',1),(639,NULL,'9290','Spruce Lane','Chattanooga','Tennessee','37405','USA',1),(640,NULL,'7783','First Boulevard','Sale Creek','Tennessee','37373','USA',1),(641,NULL,'91','Seventh Parkway','Harrison','Tennessee','37341','USA',1),(642,NULL,'4783','Cherry Street','Chattanooga','Tennessee','37409','USA',1),(643,NULL,'7461','Fourth Highway','Chattanooga','Tennessee','37402','USA',1),(644,NULL,'9465','Pine Highway','Chattanooga','Tennessee','37419','USA',1),(645,NULL,'9475','Spruce Avenue','Chattanooga','Tennessee','37412','USA',1),(646,NULL,'2153','Franklin Boulevard','Chattanooga','Tennessee','37412','USA',1),(647,NULL,'5996','Cherry Avenue','Chattanooga','Tennessee','37403','USA',1),(648,NULL,'8267','Park Parkway','Chattanooga','Tennessee','37450','USA',1),(649,NULL,'8930','Seventh Highway','Chattanooga','Tennessee','37405','USA',1),(650,NULL,'4885','Maple Boulevard','Chattanooga','Tennessee','37412','USA',1),(651,NULL,'9511','Ninth Street','Chattanooga','Tennessee','37450','USA',1),(652,NULL,'6443','Elm Lane','Signal Mountain','Tennessee','37377','USA',1),(653,NULL,'7139','Franklin Road','Bakewell','Tennessee','37304','USA',1),(654,NULL,'1484','Hamilton Road','Harrison','Tennessee','37341','USA',1),(655,NULL,'2177','Franklin Boulevard','Chattanooga','Tennessee','37411','USA',1),(656,NULL,'9648','Sixth Boulevard','Soddy Daisy','Tennessee','37379','USA',1),(657,NULL,'237','Sixth Street','Sale Creek','Tennessee','37373','USA',1),(658,NULL,'7845','Eucalyptus Parkway','Lupton City','Tennessee','37351','USA',1),(659,NULL,'3450','Eighth Boulevard','Lupton City','Tennessee','37351','USA',1),(660,NULL,'4294','Spruce Road','Chattanooga','Tennessee','37406','USA',1),(661,NULL,'3309','Maple Road','Harrison','Tennessee','37341','USA',1),(662,NULL,'2101','Dogwood Parkway','Apison','Tennessee','37302','USA',1),(663,NULL,'3247','Tenth Street','Lookout Mountain','Tennessee','37350','USA',1),(664,NULL,'1277','Seventh Street','Chattanooga','Tennessee','37409','USA',1),(665,NULL,'1306','Park Boulevard','Chattanooga','Tennessee','37450','USA',1),(666,NULL,'7574','Pine Street','Chattanooga','Tennessee','37450','USA',1),(667,NULL,'764','Cherry Parkway','Chattanooga','Tennessee','37406','USA',1),(668,NULL,'5225','Maple Highway','Ooltewah','Tennessee','37363','USA',1),(669,NULL,'8173','Franklin Road','Chattanooga','Tennessee','37421','USA',1),(670,NULL,'9056','Washington Street','Chattanooga','Tennessee','37409','USA',1),(671,NULL,'6407','Seventh Avenue','Chattanooga','Tennessee','37419','USA',1),(672,NULL,'8304','Tenth Road','Lupton City','Tennessee','37351','USA',1),(673,NULL,'3819','First Lane','Birchwood','Tennessee','37308','USA',1),(674,NULL,'5723','Franklin Boulevard','Bakewell','Tennessee','37304','USA',1),(675,NULL,'2138','Sixth Street','Chattanooga','Tennessee','37405','USA',1),(676,NULL,'9995','Fourth Lane','Signal Mountain','Tennessee','37377','USA',1),(677,NULL,'1340','Cedar Lane','Bakewell','Tennessee','37304','USA',1),(678,NULL,'1845','Pine Lane','Bakewell','Tennessee','37304','USA',1),(679,NULL,'945','Franklin Street','Bakewell','Tennessee','37304','USA',1),(680,NULL,'7507','Palm Highway','Chattanooga','Tennessee','37409','USA',1),(681,NULL,'4592','Lincoln Lane','Sale Creek','Tennessee','37373','USA',1),(682,NULL,'9582','Park Road','Sale Creek','Tennessee','37373','USA',1),(683,NULL,'7254','Fourth Street','Birchwood','Tennessee','37308','USA',1),(684,NULL,'193','Fir Street','Chattanooga','Tennessee','37404','USA',1),(685,NULL,'5565','Dogwood Lane','Chattanooga','Tennessee','37403','USA',1),(686,NULL,'9668','Ninth Road','Chattanooga','Tennessee','37419','USA',1),(687,NULL,'2534','Washington Parkway','Birchwood','Tennessee','37308','USA',1),(688,NULL,'7961','Cherry Highway','Soddy Daisy','Tennessee','37379','USA',1),(689,NULL,'543','Franklin Highway','Chattanooga','Tennessee','37410','USA',1),(690,NULL,'3983','First Street','Hixson','Tennessee','37343','USA',1),(691,NULL,'204','Dogwood Road','Apison','Tennessee','37302','USA',1),(692,NULL,'1116','Grove Boulevard','Chattanooga','Tennessee','37409','USA',1),(693,NULL,'5132','Tenth Parkway','Chattanooga','Tennessee','37409','USA',1),(694,NULL,'6227','Main Parkway','Lupton City','Tennessee','37351','USA',1),(695,NULL,'5538','Cherry Street','Chattanooga','Tennessee','37407','USA',1),(696,NULL,'5930','Fourth Highway','Chattanooga','Tennessee','37411','USA',1),(697,NULL,'9371','Third Road','Chattanooga','Tennessee','37412','USA',1),(698,NULL,'4168','Tenth Boulevard','Chattanooga','Tennessee','37402','USA',1),(699,NULL,'6221','Fourth Boulevard','Chattanooga','Tennessee','37416','USA',1),(700,NULL,'9716','Second Boulevard','Bakewell','Tennessee','37304','USA',1),(701,NULL,'8227','Oak Road','Harrison','Tennessee','37341','USA',1),(702,NULL,'8448','Second Boulevard','Ooltewah','Tennessee','37363','USA',1),(703,NULL,'9043','Seventh Highway','Chattanooga','Tennessee','37403','USA',1),(704,NULL,'5689','Fourth Highway','Chattanooga','Tennessee','37421','USA',1),(705,NULL,'4559','Second Avenue','Chattanooga','Tennessee','37402','USA',1),(706,NULL,'6255','Lincoln Avenue','Chattanooga','Tennessee','37416','USA',1),(707,NULL,'263','Oak Road','Hixson','Tennessee','37343','USA',1),(708,NULL,'985','Palm Avenue','Chattanooga','Tennessee','37415','USA',1),(709,NULL,'2689','Spruce Street','Hixson','Tennessee','37343','USA',1),(710,NULL,'8878','Oak Road','Apison','Tennessee','37302','USA',1),(711,NULL,'1119','Second Street','Chattanooga','Tennessee','37409','USA',1),(712,NULL,'682','Eighth Highway','Chattanooga','Tennessee','37408','USA',1),(713,NULL,'4009','Second Road','Chattanooga','Tennessee','37419','USA',1),(714,NULL,'3031','Third Lane','Chattanooga','Tennessee','37404','USA',1),(715,NULL,'5274','Sixth Street','Chattanooga','Tennessee','37405','USA',1),(716,NULL,'7884','Palm Highway','Chattanooga','Tennessee','37415','USA',1),(717,NULL,'6135','Main Lane','Birchwood','Tennessee','37308','USA',1),(718,NULL,'4979','Fourth Boulevard','Lookout Mountain','Tennessee','37350','USA',1),(719,NULL,'704','Pine Avenue','Birchwood','Tennessee','37308','USA',1),(720,NULL,'9256','Elm Street','Hixson','Tennessee','37343','USA',1),(721,NULL,'8084','Elm Boulevard','Bakewell','Tennessee','37304','USA',1),(722,NULL,'8015','Spruce Parkway','Chattanooga','Tennessee','37415','USA',1),(723,NULL,'9930','Acacia Boulevard','Chattanooga','Tennessee','37405','USA',1),(724,NULL,'1027','Eighth Avenue','Soddy Daisy','Tennessee','37379','USA',1),(725,NULL,'9284','Grove Street','Chattanooga','Tennessee','37412','USA',1),(726,NULL,'3693','Cherry Lane','Birchwood','Tennessee','37308','USA',1),(727,NULL,'9813','Grove Road','Ooltewah','Tennessee','37363','USA',1),(728,NULL,'13','Hamilton Highway','Signal Mountain','Tennessee','37377','USA',1),(729,NULL,'2509','Maple Highway','Chattanooga','Tennessee','37403','USA',1),(730,NULL,'6849','Cherry Boulevard','Chattanooga','Tennessee','37404','USA',1),(731,NULL,'4851','Cherry Lane','Lookout Mountain','Tennessee','37350','USA',1),(732,NULL,'2592','Fir Avenue','Chattanooga','Tennessee','37450','USA',1),(733,NULL,'4886','Spruce Road','Harrison','Tennessee','37341','USA',1),(734,NULL,'4413','Eighth Boulevard','Chattanooga','Tennessee','37405','USA',1),(735,NULL,'4801','Lincoln Lane','Bakewell','Tennessee','37304','USA',1),(736,NULL,'2208','Palm Boulevard','Chattanooga','Tennessee','37411','USA',1),(737,NULL,'1774','Palm Parkway','Harrison','Tennessee','37341','USA',1),(738,NULL,'580','Acacia Boulevard','Bakewell','Tennessee','37304','USA',1),(739,NULL,'2383','Main Boulevard','Chattanooga','Tennessee','37421','USA',1),(740,NULL,'4094','Main Lane','Chattanooga','Tennessee','37405','USA',1),(741,NULL,'9110','Cedar Street','Bakewell','Tennessee','37304','USA',1),(742,NULL,'1536','Pine Avenue','Chattanooga','Tennessee','37450','USA',1),(743,NULL,'6686','Oak Parkway','Chattanooga','Tennessee','37408','USA',1),(744,NULL,'8636','Fir Road','Chattanooga','Tennessee','37421','USA',1),(745,NULL,'361','Cherry Lane','Signal Mountain','Tennessee','37377','USA',1),(746,NULL,'1432','Palm Avenue','Hixson','Tennessee','37343','USA',1),(747,NULL,'7030','Park Lane','Lupton City','Tennessee','37351','USA',1),(748,NULL,'3215','Acacia Lane','Chattanooga','Tennessee','37407','USA',1),(749,NULL,'1934','Eighth Boulevard','Apison','Tennessee','37302','USA',1),(750,NULL,'9292','Second Boulevard','Chattanooga','Tennessee','37412','USA',1),(751,NULL,'3920','Cedar Boulevard','Ooltewah','Tennessee','37363','USA',1),(752,NULL,'808','Cherry Highway','Lupton City','Tennessee','37351','USA',1),(753,NULL,'445','Fifth Road','Birchwood','Tennessee','37308','USA',1),(754,NULL,'5871','Fourth Boulevard','Chattanooga','Tennessee','37403','USA',1),(755,NULL,'2027','First Boulevard','Lupton City','Tennessee','37351','USA',1),(756,NULL,'9259','Franklin Avenue','Chattanooga','Tennessee','37416','USA',1),(757,NULL,'1893','Acacia Parkway','Apison','Tennessee','37302','USA',1),(758,NULL,'3421','Grove Street','Chattanooga','Tennessee','37406','USA',1),(759,NULL,'5946','Hamilton Boulevard','Chattanooga','Tennessee','37419','USA',1),(760,NULL,'1335','First Avenue','Chattanooga','Tennessee','37410','USA',1),(761,NULL,'8875','Eucalyptus Boulevard','Chattanooga','Tennessee','37404','USA',1),(762,NULL,'3616','Palm Lane','Chattanooga','Tennessee','37416','USA',1),(763,NULL,'1220','Spruce Highway','Lupton City','Tennessee','37351','USA',1),(764,NULL,'6236','Seventh Road','Lupton City','Tennessee','37351','USA',1),(765,NULL,'9837','Park Parkway','Apison','Tennessee','37302','USA',1),(766,NULL,'6087','Franklin Avenue','Chattanooga','Tennessee','37402','USA',1),(767,NULL,'4329','Hamilton Lane','Chattanooga','Tennessee','37405','USA',1),(768,NULL,'9629','Eighth Road','Chattanooga','Tennessee','37405','USA',1),(769,NULL,'9772','Seventh Parkway','Chattanooga','Tennessee','37416','USA',1),(770,NULL,'5747','Ninth Boulevard','Chattanooga','Tennessee','37408','USA',1),(771,NULL,'4128','Tenth Avenue','Lookout Mountain','Tennessee','37350','USA',1),(772,NULL,'5460','Fourth Road','Chattanooga','Tennessee','37411','USA',1),(773,NULL,'2855','Eucalyptus Lane','Soddy Daisy','Tennessee','37379','USA',1),(774,NULL,'3800','Seventh Lane','Apison','Tennessee','37302','USA',1),(775,NULL,'2795','Franklin Avenue','Signal Mountain','Tennessee','37377','USA',1),(776,NULL,'1668','Maple Parkway','Chattanooga','Tennessee','37421','USA',1),(777,NULL,'6275','Dogwood Parkway','Sale Creek','Tennessee','37373','USA',1),(778,NULL,'2886','Fourth Lane','Chattanooga','Tennessee','37402','USA',1),(779,NULL,'1314','Fifth Boulevard','Chattanooga','Tennessee','37409','USA',1),(780,NULL,'2071','Oak Street','Bakewell','Tennessee','37304','USA',1),(781,NULL,'7719','Cedar Boulevard','Signal Mountain','Tennessee','37377','USA',1),(782,NULL,'5854','First Road','Chattanooga','Tennessee','37450','USA',1),(783,NULL,'4732','Hamilton Street','Chattanooga','Tennessee','37404','USA',1),(784,NULL,'2437','Grove Street','Sale Creek','Tennessee','37373','USA',1),(785,NULL,'9969','Palm Lane','Chattanooga','Tennessee','37404','USA',1),(786,NULL,'4485','Grove Lane','Chattanooga','Tennessee','37402','USA',1),(787,NULL,'4213','Fir Lane','Chattanooga','Tennessee','37419','USA',1),(788,NULL,'9170','Sixth Parkway','Chattanooga','Tennessee','37411','USA',1),(789,NULL,'8518','Fir Parkway','Signal Mountain','Tennessee','37377','USA',1),(790,NULL,'716','Seventh Road','Chattanooga','Tennessee','37408','USA',1),(791,NULL,'5798','Dogwood Highway','Chattanooga','Tennessee','37407','USA',1),(792,NULL,'249','Oak Lane','Chattanooga','Tennessee','37402','USA',1),(793,NULL,'2763','Cherry Boulevard','Birchwood','Tennessee','37308','USA',1),(794,NULL,'8175','Palm Highway','Chattanooga','Tennessee','37403','USA',1),(795,NULL,'7954','Lincoln Lane','Chattanooga','Tennessee','37412','USA',1),(796,NULL,'7734','Fourth Highway','Birchwood','Tennessee','37308','USA',1),(797,NULL,'9671','Main Highway','Bakewell','Tennessee','37304','USA',1),(798,NULL,'1380','Park Road','Chattanooga','Tennessee','37450','USA',1),(799,NULL,'4660','Grove Boulevard','Chattanooga','Tennessee','37415','USA',1),(800,NULL,'1250','Spruce Avenue','Ooltewah','Tennessee','37363','USA',1),(801,NULL,'8560','Second Boulevard','Chattanooga','Tennessee','37402','USA',1),(802,NULL,'6297','Park Road','Ooltewah','Tennessee','37363','USA',1),(803,NULL,'863','Third Highway','Chattanooga','Tennessee','37421','USA',1),(804,NULL,'2029','Seventh Boulevard','Hixson','Tennessee','37343','USA',1),(805,NULL,'4993','Third Boulevard','Harrison','Tennessee','37341','USA',1),(806,NULL,'495','Pine Lane','Lupton City','Tennessee','37351','USA',1),(807,NULL,'7966','Washington Street','Chattanooga','Tennessee','37408','USA',1),(808,NULL,'9776','Sixth Parkway','Signal Mountain','Tennessee','37377','USA',1),(809,NULL,'8118','Cedar Highway','Birchwood','Tennessee','37308','USA',1),(810,NULL,'7720','Elm Boulevard','Chattanooga','Tennessee','37405','USA',1),(811,NULL,'3398','Spruce Street','Sale Creek','Tennessee','37373','USA',1),(812,NULL,'4260','Palm Boulevard','Lookout Mountain','Tennessee','37350','USA',1),(813,NULL,'5560','Elm Street','Signal Mountain','Tennessee','37377','USA',1),(814,NULL,'7739','Park Road','Chattanooga','Tennessee','37403','USA',1),(815,NULL,'1387','Maple Road','Chattanooga','Tennessee','37416','USA',1),(816,NULL,'6999','Eucalyptus Avenue','Chattanooga','Tennessee','37415','USA',1),(817,NULL,'7','Second Boulevard','Chattanooga','Tennessee','37415','USA',1),(818,NULL,'1057','Seventh Parkway','Chattanooga','Tennessee','37408','USA',1),(819,NULL,'3274','Hamilton Highway','Sale Creek','Tennessee','37373','USA',1),(820,NULL,'3686','Fourth Street','Chattanooga','Tennessee','37419','USA',1),(821,NULL,'9124','Park Parkway','Chattanooga','Tennessee','37415','USA',1),(822,NULL,'4766','Main Boulevard','Chattanooga','Tennessee','37402','USA',1),(823,NULL,'5487','Cedar Street','Chattanooga','Tennessee','37415','USA',1),(824,NULL,'7622','Sixth Street','Chattanooga','Tennessee','37406','USA',1),(825,NULL,'2980','Fifth Parkway','Ooltewah','Tennessee','37363','USA',1),(826,NULL,'7021','Grove Road','Sale Creek','Tennessee','37373','USA',1),(827,NULL,'580','Maple Highway','Chattanooga','Tennessee','37407','USA',1),(828,NULL,'8700','Second Road','Chattanooga','Tennessee','37408','USA',1),(829,NULL,'7696','Tenth Highway','Chattanooga','Tennessee','37416','USA',1),(830,NULL,'1222','Ninth Highway','Lookout Mountain','Tennessee','37350','USA',1),(831,NULL,'8169','Main Street','Ooltewah','Tennessee','37363','USA',1),(832,NULL,'3036','Pine Parkway','Chattanooga','Tennessee','37421','USA',1),(833,NULL,'878','Lincoln Road','Chattanooga','Tennessee','37407','USA',1),(834,NULL,'8195','Eucalyptus Street','Bakewell','Tennessee','37304','USA',1),(835,NULL,'7618','Ninth Parkway','Chattanooga','Tennessee','37409','USA',1),(836,NULL,'153','Ninth Highway','Birchwood','Tennessee','37308','USA',1),(837,NULL,'7620','Palm Lane','Chattanooga','Tennessee','37406','USA',1),(838,NULL,'6026','First Highway','Chattanooga','Tennessee','37409','USA',1),(839,NULL,'6205','Tenth Avenue','Chattanooga','Tennessee','37404','USA',1),(840,NULL,'7393','Fifth Street','Chattanooga','Tennessee','37404','USA',1),(841,NULL,'3911','Cedar Street','Chattanooga','Tennessee','37409','USA',1),(842,NULL,'7567','Palm Road','Chattanooga','Tennessee','37450','USA',1),(843,NULL,'5907','Tenth Highway','Chattanooga','Tennessee','37421','USA',1),(844,NULL,'8037','Lincoln Boulevard','Chattanooga','Tennessee','37421','USA',1),(845,NULL,'3384','Lincoln Boulevard','Bakewell','Tennessee','37304','USA',1),(846,NULL,'8721','Elm Parkway','Apison','Tennessee','37302','USA',1),(847,NULL,'27','Fir Lane','Chattanooga','Tennessee','37450','USA',1),(848,NULL,'7415','Pine Street','Ooltewah','Tennessee','37363','USA',1),(849,NULL,'2246','Park Road','Ooltewah','Tennessee','37363','USA',1),(850,NULL,'4464','Palm Street','Apison','Tennessee','37302','USA',1),(851,NULL,'424','Eucalyptus Avenue','Lupton City','Tennessee','37351','USA',1),(852,NULL,'2371','Palm Avenue','Chattanooga','Tennessee','37412','USA',1),(853,NULL,'9452','Palm Lane','Hixson','Tennessee','37343','USA',1),(854,NULL,'1235','Main Street','Bakewell','Tennessee','37304','USA',1),(855,NULL,'4044','Eucalyptus Parkway','Harrison','Tennessee','37341','USA',1),(856,NULL,'3896','Cherry Street','Harrison','Tennessee','37341','USA',1),(857,NULL,'641','Spruce Avenue','Soddy Daisy','Tennessee','37379','USA',1),(858,NULL,'4885','Second Road','Sale Creek','Tennessee','37373','USA',1),(859,NULL,'5358','First Parkway','Chattanooga','Tennessee','37405','USA',1),(860,NULL,'1231','Franklin Street','Chattanooga','Tennessee','37408','USA',1),(861,NULL,'827','Oak Boulevard','Chattanooga','Tennessee','37407','USA',1),(862,NULL,'547','Lincoln Avenue','Chattanooga','Tennessee','37411','USA',1),(863,NULL,'6973','Eucalyptus Highway','Lookout Mountain','Tennessee','37350','USA',1),(864,NULL,'224','Ninth Avenue','Harrison','Tennessee','37341','USA',1),(865,NULL,'1123','Sixth Street','Chattanooga','Tennessee','37410','USA',1),(866,NULL,'2807','Park Avenue','Chattanooga','Tennessee','37404','USA',1),(867,NULL,'2232','Cedar Highway','Chattanooga','Tennessee','37421','USA',1),(868,NULL,'3540','Cherry Parkway','Hixson','Tennessee','37343','USA',1),(869,NULL,'166','Eighth Lane','Ooltewah','Tennessee','37363','USA',1),(870,NULL,'1349','Palm Street','Lupton City','Tennessee','37351','USA',1),(871,NULL,'718','Palm Highway','Chattanooga','Tennessee','37411','USA',1),(872,NULL,'8022','Pine Parkway','Chattanooga','Tennessee','37416','USA',1),(873,NULL,'2048','Cherry Parkway','Chattanooga','Tennessee','37407','USA',1),(874,NULL,'9543','Hamilton Parkway','Ooltewah','Tennessee','37363','USA',1),(875,NULL,'1408','Maple Avenue','Soddy Daisy','Tennessee','37379','USA',1),(876,NULL,'2472','First Boulevard','Chattanooga','Tennessee','37421','USA',1),(877,NULL,'8553','Fourth Road','Chattanooga','Tennessee','37402','USA',1),(878,NULL,'1291','Eucalyptus Road','Chattanooga','Tennessee','37409','USA',1),(879,NULL,'304','Cherry Road','Chattanooga','Tennessee','37450','USA',1),(880,NULL,'6694','Spruce Highway','Harrison','Tennessee','37341','USA',1),(881,NULL,'3146','Second Avenue','Chattanooga','Tennessee','37405','USA',1),(882,NULL,'6888','Cherry Street','Chattanooga','Tennessee','37407','USA',1),(883,NULL,'6658','Franklin Parkway','Signal Mountain','Tennessee','37377','USA',1),(884,NULL,'6781','Fifth Street','Chattanooga','Tennessee','37421','USA',1),(885,NULL,'5766','Ninth Boulevard','Chattanooga','Tennessee','37406','USA',1),(886,NULL,'7070','Franklin Parkway','Chattanooga','Tennessee','37411','USA',1),(887,NULL,'8638','Franklin Lane','Harrison','Tennessee','37341','USA',1),(888,NULL,'4483','Cedar Lane','Soddy Daisy','Tennessee','37379','USA',1),(889,NULL,'3781','Tenth Boulevard','Chattanooga','Tennessee','37411','USA',1),(890,NULL,'5221','Eucalyptus Street','Lupton City','Tennessee','37351','USA',1),(891,NULL,'9243','Oak Avenue','Apison','Tennessee','37302','USA',1),(892,NULL,'464','Washington Avenue','Chattanooga','Tennessee','37409','USA',1),(893,NULL,'5297','Palm Highway','Chattanooga','Tennessee','37403','USA',1),(894,NULL,'8615','Spruce Highway','Chattanooga','Tennessee','37402','USA',1),(895,NULL,'8084','Second Boulevard','Chattanooga','Tennessee','37406','USA',1),(896,NULL,'4962','Fourth Street','Chattanooga','Tennessee','37419','USA',1),(897,NULL,'5270','Eighth Parkway','Birchwood','Tennessee','37308','USA',1),(898,NULL,'4428','Third Road','Sale Creek','Tennessee','37373','USA',1),(899,NULL,'4983','Cedar Avenue','Chattanooga','Tennessee','37421','USA',1),(900,NULL,'2042','Second Lane','Chattanooga','Tennessee','37410','USA',1),(901,NULL,'1426','Franklin Parkway','Chattanooga','Tennessee','37416','USA',1),(902,NULL,'3811','Tenth Road','Chattanooga','Tennessee','37406','USA',1),(903,NULL,'8475','Cherry Highway','Chattanooga','Tennessee','37416','USA',1),(904,NULL,'1202','First Lane','Harrison','Tennessee','37341','USA',1),(905,NULL,'8320','Hamilton Street','Apison','Tennessee','37302','USA',1),(906,NULL,'4060','Grove Highway','Chattanooga','Tennessee','37409','USA',1),(907,NULL,'4755','Oak Avenue','Hixson','Tennessee','37343','USA',1),(908,NULL,'2736','Grove Boulevard','Chattanooga','Tennessee','37415','USA',1),(909,NULL,'3341','Eucalyptus Boulevard','Ooltewah','Tennessee','37363','USA',1),(910,NULL,'3012','Second Avenue','Hixson','Tennessee','37343','USA',1),(911,NULL,'3601','Lincoln Parkway','Birchwood','Tennessee','37308','USA',1),(912,NULL,'4947','Park Street','Chattanooga','Tennessee','37409','USA',1),(913,NULL,'2219','Eighth Road','Chattanooga','Tennessee','37407','USA',1),(914,NULL,'6544','Cherry Parkway','Chattanooga','Tennessee','37421','USA',1),(915,NULL,'5137','Seventh Highway','Apison','Tennessee','37302','USA',1),(916,NULL,'2815','Oak Lane','Lupton City','Tennessee','37351','USA',1),(917,NULL,'6224','Hamilton Parkway','Bakewell','Tennessee','37304','USA',1),(918,NULL,'5433','Lincoln Lane','Chattanooga','Tennessee','37407','USA',1),(919,NULL,'7848','Seventh Parkway','Chattanooga','Tennessee','37406','USA',1),(920,NULL,'1818','Lincoln Boulevard','Chattanooga','Tennessee','37406','USA',1),(921,NULL,'4225','Oak Avenue','Hixson','Tennessee','37343','USA',1),(922,NULL,'6817','Ninth Street','Sale Creek','Tennessee','37373','USA',1),(923,NULL,'8585','Fourth Lane','Chattanooga','Tennessee','37419','USA',1),(924,NULL,'6781','Spruce Highway','Chattanooga','Tennessee','37405','USA',1),(925,NULL,'523','Eucalyptus Street','Chattanooga','Tennessee','37450','USA',1),(926,NULL,'1521','Sixth Parkway','Lookout Mountain','Tennessee','37350','USA',1),(927,NULL,'9207','Dogwood Lane','Chattanooga','Tennessee','37415','USA',1),(928,NULL,'7503','Cedar Lane','Bakewell','Tennessee','37304','USA',1),(929,NULL,'4821','Lincoln Highway','Chattanooga','Tennessee','37402','USA',1),(930,NULL,'4181','Lincoln Highway','Chattanooga','Tennessee','37416','USA',1),(931,NULL,'2691','Seventh Highway','Chattanooga','Tennessee','37409','USA',1),(932,NULL,'335','Third Street','Lookout Mountain','Tennessee','37350','USA',1),(933,NULL,'5989','Lincoln Lane','Chattanooga','Tennessee','37403','USA',1),(934,NULL,'7673','Third Lane','Chattanooga','Tennessee','37415','USA',1),(935,NULL,'3149','Park Avenue','Ooltewah','Tennessee','37363','USA',1),(936,NULL,'5892','Washington Street','Apison','Tennessee','37302','USA',1),(937,NULL,'7900','Tenth Road','Chattanooga','Tennessee','37416','USA',1),(938,NULL,'5565','Acacia Lane','Chattanooga','Tennessee','37409','USA',1),(939,NULL,'3168','Fir Avenue','Chattanooga','Tennessee','37406','USA',1),(940,NULL,'6509','Park Boulevard','Chattanooga','Tennessee','37402','USA',1),(941,NULL,'7635','Fifth Road','Hixson','Tennessee','37343','USA',1),(942,NULL,'3501','Pine Avenue','Hixson','Tennessee','37343','USA',1),(943,NULL,'5149','Elm Street','Ooltewah','Tennessee','37363','USA',1),(944,NULL,'367','Spruce Boulevard','Chattanooga','Tennessee','37450','USA',1),(945,NULL,'1648','Seventh Road','Chattanooga','Tennessee','37403','USA',1),(946,NULL,'2866','Dogwood Highway','Sale Creek','Tennessee','37373','USA',1),(947,NULL,'3699','Washington Avenue','Signal Mountain','Tennessee','37377','USA',1),(948,NULL,'1789','Washington Boulevard','Chattanooga','Tennessee','37419','USA',1),(949,NULL,'6045','Cedar Street','Chattanooga','Tennessee','37415','USA',1),(950,NULL,'4849','Cherry Highway','Sale Creek','Tennessee','37373','USA',1),(951,NULL,'2347','Washington Highway','Ooltewah','Tennessee','37363','USA',1),(952,NULL,'6522','Maple Lane','Signal Mountain','Tennessee','37377','USA',1),(953,NULL,'9834','Fir Lane','Apison','Tennessee','37302','USA',1),(954,NULL,'4494','Fourth Road','Apison','Tennessee','37302','USA',1),(955,NULL,'6055','Spruce Avenue','Chattanooga','Tennessee','37416','USA',1),(956,NULL,'457','Grove Highway','Hixson','Tennessee','37343','USA',1),(957,NULL,'6148','Hamilton Highway','Chattanooga','Tennessee','37450','USA',1),(958,NULL,'1763','Third Parkway','Chattanooga','Tennessee','37409','USA',1),(959,NULL,'2712','Franklin Avenue','Birchwood','Tennessee','37308','USA',1),(960,NULL,'3637','Tenth Road','Chattanooga','Tennessee','37407','USA',1),(961,NULL,'8758','Spruce Road','Chattanooga','Tennessee','37403','USA',1),(962,NULL,'4454','Hamilton Street','Chattanooga','Tennessee','37416','USA',1),(963,NULL,'7919','Washington Road','Chattanooga','Tennessee','37419','USA',1),(964,NULL,'4499','Grove Lane','Chattanooga','Tennessee','37403','USA',1),(965,NULL,'6065','Cherry Highway','Sale Creek','Tennessee','37373','USA',1),(966,NULL,'6501','First Boulevard','Chattanooga','Tennessee','37406','USA',1),(967,NULL,'6237','Washington Boulevard','Sale Creek','Tennessee','37373','USA',1),(968,NULL,'2688','Third Road','Lupton City','Tennessee','37351','USA',1),(969,NULL,'6074','Eucalyptus Road','Lupton City','Tennessee','37351','USA',1),(970,NULL,'1425','Palm Highway','Chattanooga','Tennessee','37450','USA',1),(971,NULL,'114','Washington Highway','Chattanooga','Tennessee','37406','USA',1),(972,NULL,'579','Franklin Boulevard','Chattanooga','Tennessee','37415','USA',1),(973,NULL,'693','Second Boulevard','Bakewell','Tennessee','37304','USA',1),(974,NULL,'6120','Acacia Parkway','Lupton City','Tennessee','37351','USA',1),(975,NULL,'4571','Maple Lane','Chattanooga','Tennessee','37407','USA',1),(976,NULL,'4711','Park Lane','Chattanooga','Tennessee','37450','USA',1),(977,NULL,'7540','Acacia Highway','Chattanooga','Tennessee','37406','USA',1),(978,NULL,'6721','Franklin Road','Signal Mountain','Tennessee','37377','USA',1),(979,NULL,'4325','Fifth Parkway','Lupton City','Tennessee','37351','USA',1),(980,NULL,'8909','Fir Boulevard','Lupton City','Tennessee','37351','USA',1),(981,NULL,'7236','Ninth Highway','Birchwood','Tennessee','37308','USA',1),(982,NULL,'5792','Spruce Road','Chattanooga','Tennessee','37421','USA',1),(983,NULL,'2628','Cedar Parkway','Bakewell','Tennessee','37304','USA',1),(984,NULL,'6344','Fir Avenue','Chattanooga','Tennessee','37421','USA',1),(985,NULL,'7506','Fir Highway','Chattanooga','Tennessee','37412','USA',1),(986,NULL,'4120','Eucalyptus Parkway','Bakewell','Tennessee','37304','USA',1),(987,NULL,'6015','Pine Street','Sale Creek','Tennessee','37373','USA',1),(988,NULL,'7799','Maple Highway','Chattanooga','Tennessee','37419','USA',1),(989,NULL,'1092','Dogwood Parkway','Birchwood','Tennessee','37308','USA',1),(990,NULL,'7681','Tenth Highway','Lookout Mountain','Tennessee','37350','USA',1),(991,NULL,'7250','Eighth Road','Soddy Daisy','Tennessee','37379','USA',1),(992,NULL,'8604','Hamilton Avenue','Chattanooga','Tennessee','37407','USA',1),(993,NULL,'6484','Elm Boulevard','Chattanooga','Tennessee','37406','USA',1),(994,NULL,'7160','Main Street','Chattanooga','Tennessee','37403','USA',1),(995,NULL,'1529','Grove Road','Harrison','Tennessee','37341','USA',1),(996,NULL,'6552','Pine Boulevard','Apison','Tennessee','37302','USA',1),(997,NULL,'1296','Third Parkway','Chattanooga','Tennessee','37404','USA',1),(998,NULL,'8402','First Boulevard','Chattanooga','Tennessee','37415','USA',1),(999,NULL,'6032','Park Parkway','Ooltewah','Tennessee','37363','USA',1),(1000,NULL,'1039','Cherry Lane','Birchwood','Tennessee','37308','USA',1);
/*!40000 ALTER TABLE `address` ENABLE KEYS */;
UNLOCK TABLES;

--
-- Table structure for table `company`
--

DROP TABLE IF EXISTS `company`;
CREATE TABLE `company` (
  `id` bigint(20) NOT NULL AUTO_INCREMENT,
  `name` varchar(60) DEFAULT NULL,
  `active` tinyint(1) DEFAULT NULL,
  `resource_restricted` tinyint(1) NOT NULL DEFAULT '0',
  PRIMARY KEY (`id`)
);

--
-- Dumping data for table `company`
--

LOCK TABLES `company` WRITE;
/*!40000 ALTER TABLE `company` DISABLE KEYS */;
INSERT INTO `company` VALUES (1,'Bass Partners',1,0),(2,'Pace Incorporated',1,0),(3,'Wright Store',1,0),(4,'Morin Incorporated',1,0),(5,'Horn Warehousing',1,0),(6,'Macdonald Partners',1,0),(7,'Sims Incorporated',1,0),(8,'Lynch Store',1,0),(9,'Joyner Restaurant',1,0),(10,'Herman Offices',1,0),(11,'Mccullough Shoppe',1,0),(12,'Foster Logistics',1,0),(13,'Mcdowell Hotel',1,0),(14,'Salinas Incorporated',1,0),(15,'Holder Company',1,0),(16,'Baxter Restaurant',1,0),(17,'Forbes Shoppe',1,0),(18,'Caldwell Partners',1,0),(19,'Cross Hotel',1,0),(20,'Burnett Restaurant',1,0),(21,'Cooley Logistics',1,0),(22,'Guerrero Incorporated',1,0),(23,'Clements Company',1,0),(24,'Mccarthy Warehousing',1,0),(25,'Massey Company',1,0),(26,'Sawyer Warehousing',1,0),(27,'Combs Incorporated',1,0),(28,'Bright Hotel',1,0),(29,'Cote Partners',1,0),(30,'Wilkinson Logistics',1,0),(31,'Dickerson Logistics',1,0),(32,'Goodwin Hotel',1,0),(33,'Peterson LLC',1,0),(34,'Head Offices',1,0),(35,'Burris Incorporated',1,0),(36,'Ramos Shoppe',1,0),(37,'Fuller Restaurant',1,0),(38,'Abbott LLC',1,0),(39,'Bailey Store',1,0),(40,'Moon Store',1,0),(41,'Horton Shoppe',1,0),(42,'Soto Restaurant',1,0),(43,'Owens Store',1,0),(44,'Morgan Hotel',1,0),(45,'Copeland Incorporated',1,0),(46,'Caldwell Restaurant',1,0),(47,'Mccray Restaurant',1,0),(48,'Faulkner LLC',1,0),(49,'Johnson Warehousing',1,0),(50,'Valencia Hotel',1,0),(51,'Kirk LLC',1,0),(52,'Douglas Store',1,0),(53,'Sears Company',1,0),(54,'Vang Incorporated',1,0),(55,'Alvarez Partners',1,0),(56,'Carrillo Restaurant',1,0),(57,'Stewart Shoppe',1,0),(58,'Houston Store',1,0),(59,'Conner Warehousing',1,0),(60,'Cortez Partners',1,0),(61,'Callahan Hotel',1,0),(62,'Walters LLC',1,0),(63,'Chapman Restaurant',1,0),(64,'Pickett Shoppe',1,0),(65,'Nguyen Incorporated',1,0),(66,'Pittman Incorporated',1,0),(67,'Clemons LLC',1,0),(68,'Daugherty Incorporated',1,0),(69,'Nichols Incorporated',1,0),(70,'Morris Partners',1,0),(71,'Chambers Company',1,0),(72,'Hurst Company',1,0),(73,'Blair Hotel',1,0),(74,'Dyer Partners',1,0),(75,'Holmes Warehousing',1,0),(76,'Garza Shoppe',1,0),(77,'Michael Partners',1,0),(78,'Hardin LLC',1,0),(79,'Reese LLC',1,0),(80,'Mckay Incorporated',1,0),(81,'Newton Offices',1,0),(82,'Woodard Logistics',1,0),(83,'Michael Logistics',1,0),(84,'Webb Incorporated',1,0),(85,'Montgomery Partners',1,0),(86,'Welch Store',1,0),(87,'Mathews Partners',1,0),(88,'Bishop Logistics',1,0),(89,'Munoz Warehousing',1,0),(90,'Raymond Incorporated',1,0),(91,'Livingston Offices',1,0),(92,'Mays Restaurant',1,0),(93,'Waters Incorporated',1,0),(94,'Santiago Hotel',1,0),(95,'Melton Store',1,0),(96,'Kline Offices',1,0),(97,'Holland Company',1,0),(98,'Castillo Logistics',1,0),(99,'Simon Incorporated',1,0),(100,'Mack Incorporated',1,0);
/*!40000 ALTER TABLE `company` ENABLE KEYS */;
UNLOCK TABLES;

--
-- Table structure for table `company_tags`
--

DROP TABLE IF EXISTS `company_tags`;
CREATE TABLE `company_tags` (
  `id` bigint(20) NOT NULL AUTO_INCREMENT,
  `company_id` bigint(20) DEFAULT NULL,
  `tag_id` bigint(20) DEFAULT NULL,
  `weight` decimal(10,9) DEFAULT NULL,
  `active` tinyint(1) DEFAULT NULL,
  PRIMARY KEY (`id`),
  KEY `company_id` (`company_id`),
  KEY `tag_id` (`tag_id`),
  CONSTRAINT `company_tags_ibfk_1` FOREIGN KEY (`company_id`) REFERENCES `company` (`id`),
  CONSTRAINT `company_tags_ibfk_2` FOREIGN KEY (`tag_id`) REFERENCES `tag` (`id`)
);

--
-- Dumping data for table `company_tags`
--

LOCK TABLES `company_tags` WRITE;
/*!40000 ALTER TABLE `company_tags` DISABLE KEYS */;
INSERT INTO `company_tags` VALUES (1,1,41,0.308098950,NULL),(2,1,19,0.611140460,NULL),(3,1,21,0.793470590,NULL),(4,1,29,0.420127840,NULL),(5,1,11,0.292243330,NULL),(6,1,5,0.489077650,NULL),(7,1,33,0.767792870,NULL),(8,1,4,0.581380950,NULL),(9,1,2,0.483096780,NULL),(10,1,8,0.548085800,NULL),(11,2,40,0.654662040,NULL),(12,2,20,0.239454810,NULL),(13,2,21,0.715540040,NULL),(14,2,27,0.282883190,NULL),(15,2,34,0.537079080,NULL),(16,2,5,0.367195120,NULL),(17,2,33,0.592882960,NULL),(18,2,3,0.799915900,NULL),(19,2,4,0.796298410,NULL),(20,3,23,0.420822900,NULL),(21,3,20,0.800591610,NULL),(22,3,21,0.733077830,NULL),(23,3,29,0.442839710,NULL),(24,3,33,0.488273020,NULL),(25,3,34,0.630889180,NULL),(26,3,5,0.504646280,NULL),(27,3,3,0.685359120,NULL),(28,3,1,0.475582490,NULL),(29,4,23,0.336065920,NULL),(30,4,22,0.569129460,NULL),(31,4,28,0.492130860,NULL),(32,4,11,0.300688020,NULL),(33,4,34,0.307707740,NULL),(34,4,33,0.342038590,NULL),(35,4,5,0.478310850,NULL),(36,4,2,0.192597340,NULL),(37,4,9,0.454718610,NULL),(38,5,41,0.516432910,NULL),(39,5,22,0.589926020,NULL),(40,5,29,0.747498890,NULL),(41,5,34,0.519704340,NULL),(42,5,1,0.392402260,NULL),(43,5,3,0.776584460,NULL),(44,5,4,0.740972200,NULL),(45,5,33,0.222548240,NULL),(46,5,8,0.623602850,NULL),(47,6,40,0.382813770,NULL),(48,6,19,0.523671460,NULL),(49,6,21,0.747708040,NULL),(50,6,28,0.777620210,NULL),(51,6,4,0.127747460,NULL),(52,6,2,0.355324250,NULL),(53,6,1,0.284520920,NULL),(54,6,33,0.243077530,NULL),(55,6,11,0.615977050,NULL),(56,6,8,0.433312140,NULL),(57,6,9,0.514886590,NULL),(58,7,41,0.712024880,NULL),(59,7,22,0.565019930,NULL),(60,7,32,0.759488810,NULL),(61,7,8,0.360701370,NULL),(62,7,3,0.367118920,NULL),(63,7,2,0.464769150,NULL),(64,7,4,0.190597280,NULL),(65,7,33,0.641197950,NULL),(66,7,9,0.457398480,NULL),(67,7,5,0.688540660,NULL),(68,8,40,0.562217920,NULL),(69,8,38,0.682296490,NULL),(70,8,26,0.416195740,NULL),(71,8,34,0.561350640,NULL),(72,8,8,0.266936750,NULL),(73,8,9,0.471994760,NULL),(74,8,33,0.734581870,NULL),(75,8,5,0.455255310,NULL),(76,9,23,0.239513200,NULL),(77,9,39,0.416302380,NULL),(78,9,7,0.473714260,NULL),(79,9,9,0.679677280,NULL),(80,9,8,0.518314370,NULL),(81,9,33,0.273711550,NULL),(82,9,3,0.461418530,NULL),(83,9,11,0.353258250,NULL),(84,9,1,0.559750380,NULL),(85,10,40,0.559492910,NULL),(86,10,22,0.461688450,NULL),(87,10,29,0.603554590,NULL),(88,10,2,0.176486340,NULL),(89,10,3,0.308432180,NULL),(90,10,33,0.819938770,NULL),(91,10,11,0.735258330,NULL),(92,10,9,0.370024330,NULL),(93,10,34,0.474888350,NULL),(94,10,8,0.501131920,NULL),(95,10,5,0.190886250,NULL),(96,11,40,0.450084740,NULL),(97,11,19,0.480410040,NULL),(98,11,21,0.527896610,NULL),(99,11,7,0.853395940,NULL),(100,11,3,0.274673500,NULL),(101,11,9,0.329333640,NULL),(102,11,5,0.231068660,NULL),(103,11,34,0.366997930,NULL),(104,11,8,0.503604130,NULL),(105,11,2,0.562374880,NULL),(106,11,11,0.568626490,NULL),(107,12,40,0.511303270,NULL),(108,12,22,0.417628490,NULL),(109,12,28,0.715607470,NULL),(110,12,4,0.315316360,NULL),(111,12,5,0.301866620,NULL),(112,12,8,0.329812110,NULL),(113,12,34,0.531987140,NULL),(114,12,33,0.362036590,NULL),(115,12,9,0.704867420,NULL),(116,13,23,0.473707970,NULL),(117,13,38,0.521839770,NULL),(118,13,32,0.214097950,NULL),(119,13,1,0.376991620,NULL),(120,13,34,0.354396860,NULL),(121,13,2,0.225160160,NULL),(122,13,3,0.909688300,NULL),(123,13,11,0.396864130,NULL),(124,13,9,0.586548840,NULL),(125,13,4,0.325293420,NULL),(126,13,5,0.606502270,NULL),(127,14,41,0.487691680,NULL),(128,14,22,0.448911310,NULL),(129,14,26,0.326427980,NULL),(130,14,3,0.230863200,NULL),(131,14,2,0.152477980,NULL),(132,14,11,0.476705820,NULL),(133,14,1,0.313850050,NULL),(134,14,8,0.592732590,NULL),(135,14,34,0.309763100,NULL),(136,14,4,0.726514290,NULL),(137,15,23,0.456456370,NULL),(138,15,38,0.504219330,NULL),(139,15,39,0.470823380,NULL),(140,15,28,0.417606720,NULL),(141,15,11,0.311906350,NULL),(142,15,3,0.348436860,NULL),(143,15,1,0.496448230,NULL),(144,15,9,0.529693130,NULL),(145,15,34,0.676791110,NULL),(146,15,33,0.791517890,NULL),(147,16,40,0.396052330,NULL),(148,16,39,0.625669510,NULL),(149,16,32,0.212508680,NULL),(150,16,11,0.346511230,NULL),(151,16,1,0.424307110,NULL),(152,16,9,0.453095000,NULL),(153,16,2,0.246840940,NULL),(154,16,4,0.346498000,NULL),(155,16,5,0.434904880,NULL),(156,17,23,0.607424170,NULL),(157,17,38,0.617379260,NULL),(158,17,26,0.518187800,NULL),(159,17,34,0.473049170,NULL),(160,17,9,0.200148820,NULL),(161,17,1,0.635836140,NULL),(162,17,8,0.647287470,NULL),(163,17,3,0.582145560,NULL),(164,17,11,0.685184680,NULL),(165,18,23,0.435313540,NULL),(166,18,22,0.614980560,NULL),(167,18,7,0.675549010,NULL),(168,18,5,0.374958450,NULL),(169,18,3,0.414046380,NULL),(170,18,33,0.787980250,NULL),(171,18,9,0.433227910,NULL),(172,18,11,0.313912080,NULL),(173,18,4,0.695536440,NULL),(174,19,41,0.684347010,NULL),(175,19,20,0.497301470,NULL),(176,19,21,0.825688580,NULL),(177,19,29,0.863201210,NULL),(178,19,3,0.550213810,NULL),(179,19,5,0.627859910,NULL),(180,19,8,0.492678550,NULL),(181,19,1,0.648488130,NULL),(182,19,33,0.670432830,NULL),(183,20,41,0.355054960,NULL),(184,20,20,0.607151850,NULL),(185,20,21,0.837778790,NULL),(186,20,32,0.436661540,NULL),(187,20,5,0.463936960,NULL),(188,20,11,0.342363330,NULL),(189,20,33,0.669465310,NULL),(190,20,4,0.415391410,NULL),(191,20,8,0.557970860,NULL),(192,20,2,0.369750710,NULL),(193,21,41,0.672875050,NULL),(194,21,39,0.586333830,NULL),(195,21,29,0.772469690,NULL),(196,21,33,0.250544630,NULL),(197,21,3,0.238350310,NULL),(198,21,11,0.242301270,NULL),(199,21,34,0.708363040,NULL),(200,21,2,0.486189140,NULL),(201,21,8,0.457325070,NULL),(202,21,5,0.636834490,NULL),(203,22,41,0.585251300,NULL),(204,22,38,0.482299940,NULL),(205,22,32,0.735441110,NULL),(206,22,3,0.318532710,NULL),(207,22,8,0.224982370,NULL),(208,22,11,0.491273180,NULL),(209,22,4,0.560220150,NULL),(210,22,1,0.419680660,NULL),(211,22,5,0.643999660,NULL),(212,22,2,0.560762570,NULL),(213,23,40,0.298922110,NULL),(214,23,20,0.720931850,NULL),(215,23,21,0.110259140,NULL),(216,23,26,0.281998030,NULL),(217,23,2,0.607366670,NULL),(218,23,9,0.630289290,NULL),(219,23,11,0.162872470,NULL),(220,23,3,0.388651550,NULL),(221,23,34,0.397856700,NULL),(222,23,33,0.529944250,NULL),(223,24,40,0.666637330,NULL),(224,24,22,0.610475150,NULL),(225,24,27,0.232051210,NULL),(226,24,1,0.668639990,NULL),(227,24,3,0.409482660,NULL),(228,24,8,0.649622250,NULL),(229,24,34,0.527505210,NULL),(230,24,4,0.610249900,NULL),(231,24,33,0.862012930,NULL),(232,25,40,0.459476490,NULL),(233,25,38,0.538339800,NULL),(234,25,32,0.783724570,NULL),(235,25,4,0.854851180,NULL),(236,25,9,0.344379510,NULL),(237,25,3,0.611412120,NULL),(238,25,1,0.673553410,NULL),(239,25,8,0.473665930,NULL),(240,25,34,0.731532670,NULL),(241,26,41,0.552441210,NULL),(242,26,38,0.371128500,NULL),(243,26,32,0.850782940,NULL),(244,26,34,0.227611680,NULL),(245,26,11,0.400537810,NULL),(246,26,9,0.235979950,NULL),(247,26,3,0.482453450,NULL),(248,26,33,0.655014220,NULL),(249,26,1,0.543082930,NULL),(250,26,4,0.730757640,NULL),(251,26,8,0.389022720,NULL),(252,27,41,0.538020370,NULL),(253,27,38,0.535452060,NULL),(254,27,29,0.225349870,NULL),(255,27,5,0.439740990,NULL),(256,27,1,0.212131380,NULL),(257,27,4,0.445745550,NULL),(258,27,8,0.471345080,NULL),(259,27,9,0.692102690,NULL),(260,28,40,0.689437120,NULL),(261,28,38,0.347342360,NULL),(262,28,32,0.440242040,NULL),(263,28,34,0.366235500,NULL),(264,28,9,0.344561740,NULL),(265,28,3,0.491057830,NULL),(266,28,33,0.321750730,NULL),(267,28,5,0.470287020,NULL),(268,29,23,0.330533060,NULL),(269,29,22,0.719433490,NULL),(270,29,28,0.786514240,NULL),(271,29,33,0.162504130,NULL),(272,29,11,0.300053290,NULL),(273,29,5,0.407143800,NULL),(274,29,9,0.493020480,NULL),(275,29,4,0.487307260,NULL),(276,29,34,0.713463620,NULL),(277,30,23,0.669060120,NULL),(278,30,20,0.561084010,NULL),(279,30,21,0.652601510,NULL),(280,30,7,0.595748640,NULL),(281,30,3,0.460228720,NULL),(282,30,2,0.536281960,NULL),(283,30,1,0.397834180,NULL),(284,30,8,0.831547110,NULL),(285,30,11,0.454626390,NULL),(286,30,5,0.688868040,NULL),(287,30,34,0.437442490,NULL),(288,31,41,0.359738950,NULL),(289,31,38,0.692068720,NULL),(290,31,27,0.661456260,NULL),(291,31,3,0.746278110,NULL),(292,31,4,0.478658480,NULL),(293,31,11,0.441365980,NULL),(294,31,5,0.451721860,NULL),(295,31,9,0.411435640,NULL),(296,32,41,0.414575640,NULL),(297,32,38,0.610102780,NULL),(298,32,26,0.614485970,NULL),(299,32,7,0.765327660,NULL),(300,32,3,0.290074050,NULL),(301,32,9,0.597752570,NULL),(302,32,1,0.247803250,NULL),(303,32,5,0.555613430,NULL),(304,32,8,0.408953190,NULL),(305,33,23,0.697928240,NULL),(306,33,22,0.693975350,NULL),(307,33,26,0.825471740,NULL),(308,33,5,0.487428220,NULL),(309,33,3,0.615923850,NULL),(310,33,1,0.459249950,NULL),(311,33,8,0.485035620,NULL),(312,33,33,0.480183160,NULL),(313,33,9,0.574481210,NULL),(314,34,23,0.602749430,NULL),(315,34,19,0.492254400,NULL),(316,34,21,0.408059730,NULL),(317,34,32,0.797998200,NULL),(318,34,34,0.300578110,NULL),(319,34,9,0.440562920,NULL),(320,34,3,0.373880770,NULL),(321,34,4,0.672683170,NULL),(322,34,11,0.679274650,NULL),(323,35,40,0.639935300,NULL),(324,35,19,0.484925290,NULL),(325,35,21,0.694187200,NULL),(326,35,28,0.256729790,NULL),(327,35,4,0.357686760,NULL),(328,35,5,0.462006840,NULL),(329,35,11,0.369033660,NULL),(330,35,34,0.222032680,NULL),(331,36,40,0.448509900,NULL),(332,36,19,0.751687820,NULL),(333,36,21,0.700510910,NULL),(334,36,29,0.540289890,NULL),(335,36,2,0.581524590,NULL),(336,36,5,0.718086130,NULL),(337,36,34,0.518700210,NULL),(338,36,11,0.469149250,NULL),(339,36,4,0.116413380,NULL),(340,36,3,0.779848370,NULL),(341,37,40,0.601670400,NULL),(342,37,39,0.440982130,NULL),(343,37,7,0.607510530,NULL),(344,37,1,0.693936310,NULL),(345,37,2,0.738654650,NULL),(346,37,9,0.372649090,NULL),(347,37,8,0.220355830,NULL),(348,37,3,0.680236480,NULL),(349,37,34,0.452931180,NULL),(350,38,40,0.445483650,NULL),(351,38,19,0.543293850,NULL),(352,38,21,0.790073230,NULL),(353,38,27,0.306368680,NULL),(354,38,4,0.475179690,NULL),(355,38,5,0.276722260,NULL),(356,38,9,0.522386850,NULL),(357,38,8,0.418828190,NULL),(358,38,1,0.846585050,NULL),(359,38,3,0.490915450,NULL),(360,39,41,0.670941030,NULL),(361,39,38,0.312853390,NULL),(362,39,29,0.757685630,NULL),(363,39,9,0.478346990,NULL),(364,39,34,0.202759210,NULL),(365,39,4,0.442241140,NULL),(366,39,1,0.607012240,NULL),(367,39,11,0.123434230,NULL),(368,39,5,0.621354330,NULL),(369,39,3,0.728191400,NULL),(370,40,40,0.713209530,NULL),(371,40,19,0.565738130,NULL),(372,40,21,0.657728020,NULL),(373,40,27,0.840752290,NULL),(374,40,33,0.223797500,NULL),(375,40,11,0.364099900,NULL),(376,40,1,0.514646820,NULL),(377,40,8,0.307031400,NULL),(378,40,34,0.825865290,NULL),(379,40,3,0.619819760,NULL),(380,41,23,0.485722390,NULL),(381,41,20,0.395251930,NULL),(382,41,21,0.732450620,NULL),(383,41,28,0.746906780,NULL),(384,41,9,0.627198440,NULL),(385,41,8,0.360798080,NULL),(386,41,1,0.281700390,NULL),(387,41,3,0.270205970,NULL),(388,41,11,0.206554830,NULL),(389,41,5,0.591237410,NULL),(390,41,4,0.815745990,NULL),(391,42,40,0.739445460,NULL),(392,42,22,0.460637820,NULL),(393,42,7,0.509716020,NULL),(394,42,5,0.326599100,NULL),(395,42,9,0.352754230,NULL),(396,42,11,0.620156250,NULL),(397,42,4,0.294831170,NULL),(398,42,3,0.651291210,NULL),(399,42,1,0.488792550,NULL),(400,42,2,0.436485830,NULL),(401,43,23,0.637557270,NULL),(402,43,39,0.564512280,NULL),(403,43,32,0.429032290,NULL),(404,43,9,0.292930590,NULL),(405,43,8,0.625979340,NULL),(406,43,34,0.311713920,NULL),(407,43,11,0.467703690,NULL),(408,43,4,0.573145140,NULL),(409,43,3,0.234291230,NULL),(410,43,5,0.837366320,NULL),(411,44,23,0.495354180,NULL),(412,44,19,0.416850300,NULL),(413,44,21,0.410398140,NULL),(414,44,27,0.501887870,NULL),(415,44,3,0.404857410,NULL),(416,44,33,0.819831650,NULL),(417,44,2,0.360494010,NULL),(418,44,11,0.327649400,NULL),(419,44,4,0.280812480,NULL),(420,44,5,0.378975020,NULL),(421,44,9,0.672389300,NULL),(422,44,34,0.393229610,NULL),(423,45,41,0.638804450,NULL),(424,45,20,0.681523380,NULL),(425,45,21,0.609060540,NULL),(426,45,26,0.413479170,NULL),(427,45,11,0.446697060,NULL),(428,45,4,0.281420800,NULL),(429,45,34,0.391313840,NULL),(430,45,2,0.354205430,NULL),(431,45,5,0.281139020,NULL),(432,45,3,0.872537900,NULL),(433,46,41,0.492320090,NULL),(434,46,19,0.778955060,NULL),(435,46,21,0.521976980,NULL),(436,46,29,0.689522760,NULL),(437,46,11,0.490230070,NULL),(438,46,5,0.528740150,NULL),(439,46,3,0.329236090,NULL),(440,46,4,0.550821410,NULL),(441,46,1,0.578694020,NULL),(442,47,23,0.573859360,NULL),(443,47,19,0.586440820,NULL),(444,47,21,0.462585680,NULL),(445,47,32,0.595918530,NULL),(446,47,1,0.594286840,NULL),(447,47,9,0.464398350,NULL),(448,47,5,0.596357690,NULL),(449,47,34,0.522239370,NULL),(450,47,33,0.666179690,NULL),(451,48,40,0.699865720,NULL),(452,48,22,0.594860680,NULL),(453,48,26,0.735675760,NULL),(454,48,34,0.245461600,NULL),(455,48,3,0.240763080,NULL),(456,48,1,0.371332800,NULL),(457,48,11,0.484465260,NULL),(458,48,33,0.309054230,NULL),(459,48,4,0.683481840,NULL),(460,49,40,0.436966020,NULL),(461,49,22,0.697995680,NULL),(462,49,7,0.584549180,NULL),(463,49,33,0.712473200,NULL),(464,49,4,0.347568750,NULL),(465,49,5,0.524064490,NULL),(466,49,11,0.458347340,NULL),(467,49,1,0.630807050,NULL),(468,49,34,0.790292170,NULL),(469,50,23,0.609939590,NULL),(470,50,22,0.387648230,NULL),(471,50,7,0.566684730,NULL),(472,50,4,0.302517610,NULL),(473,50,3,0.609515670,NULL),(474,50,8,0.430800450,NULL),(475,50,1,0.419326590,NULL),(476,50,5,0.214671590,NULL),(477,50,33,0.491370940,NULL),(478,50,11,0.543592150,NULL),(479,51,23,0.626129070,NULL),(480,51,20,0.803946650,NULL),(481,51,21,0.575784740,NULL),(482,51,27,0.527760210,NULL),(483,51,34,0.304028230,NULL),(484,51,1,0.728196340,NULL),(485,51,4,0.294997420,NULL),(486,51,3,0.509154960,NULL),(487,51,11,0.385924080,NULL),(488,51,2,0.507736280,NULL),(489,52,41,0.740116060,NULL),(490,52,22,0.623570730,NULL),(491,52,29,0.271720320,NULL),(492,52,33,0.755144790,NULL),(493,52,2,0.245225040,NULL),(494,52,3,0.439553160,NULL),(495,52,34,0.454088530,NULL),(496,52,9,0.712545840,NULL),(497,53,41,0.703117630,NULL),(498,53,19,0.662910340,NULL),(499,53,21,0.560119590,NULL),(500,53,32,0.836496940,NULL),(501,53,2,0.877967850,NULL),(502,53,1,0.363533760,NULL),(503,53,11,0.238404490,NULL),(504,53,4,0.286763050,NULL),(505,53,8,0.590153630,NULL),(506,53,33,0.400237000,NULL),(507,53,5,0.559214800,NULL),(508,54,40,0.595411510,NULL),(509,54,39,0.400502080,NULL),(510,54,29,0.571572160,NULL),(511,54,2,0.420494170,NULL),(512,54,4,0.606211750,NULL),(513,54,11,0.220445000,NULL),(514,54,34,0.288092230,NULL),(515,54,33,0.858051360,NULL),(516,54,3,0.413936810,NULL),(517,54,1,0.545073130,NULL),(518,55,40,0.280000060,NULL),(519,55,22,0.619728280,NULL),(520,55,32,0.790794250,NULL),(521,55,11,0.554186760,NULL),(522,55,5,0.345430890,NULL),(523,55,1,0.326652280,NULL),(524,55,4,0.555637140,NULL),(525,55,9,0.464942950,NULL),(526,55,8,0.538423200,NULL),(527,55,33,0.781255730,NULL),(528,56,23,0.546337570,NULL),(529,56,38,0.684228770,NULL),(530,56,32,0.849962680,NULL),(531,56,2,0.477688140,NULL),(532,56,34,0.386984500,NULL),(533,56,5,0.513595000,NULL),(534,56,4,0.584281870,NULL),(535,56,3,0.279185890,NULL),(536,56,1,0.489203560,NULL),(537,57,41,0.630655750,NULL),(538,57,38,0.632263910,NULL),(539,57,29,0.363353960,NULL),(540,57,4,0.252953150,NULL),(541,57,3,0.639527000,NULL),(542,57,9,0.463591330,NULL),(543,57,2,0.476031070,NULL),(544,57,5,0.571907230,NULL),(545,57,11,0.644080440,NULL),(546,58,41,0.571932250,NULL),(547,58,38,0.637347870,NULL),(548,58,7,0.764324420,NULL),(549,58,5,0.510259400,NULL),(550,58,3,0.423877690,NULL),(551,58,4,0.329592360,NULL),(552,58,9,0.388988370,NULL),(553,58,33,0.610220350,NULL),(554,58,1,0.551587840,NULL),(555,59,41,0.672565980,NULL),(556,59,20,0.514353700,NULL),(557,59,21,0.396020830,NULL),(558,59,27,0.684958810,NULL),(559,59,11,0.301863780,NULL),(560,59,2,0.235696760,NULL),(561,59,5,0.449893850,NULL),(562,59,3,0.231700290,NULL),(563,59,4,0.653996230,NULL),(564,59,8,0.562970250,NULL),(565,59,9,0.695824140,NULL),(566,60,23,0.712523470,NULL),(567,60,22,0.367900020,NULL),(568,60,32,0.718889400,NULL),(569,60,3,0.163040270,NULL),(570,60,2,0.755328270,NULL),(571,60,11,0.424875810,NULL),(572,60,9,0.605642510,NULL),(573,60,34,0.445436010,NULL),(574,60,8,0.548425340,NULL),(575,61,41,0.681712450,NULL),(576,61,20,0.540173680,NULL),(577,61,21,0.369154530,NULL),(578,61,26,0.503620530,NULL),(579,61,5,0.395706420,NULL),(580,61,11,0.267403560,NULL),(581,61,8,0.552307840,NULL),(582,61,2,0.363211540,NULL),(583,61,4,0.600951160,NULL),(584,61,1,0.626330980,NULL),(585,61,33,0.619332750,NULL),(586,62,40,0.610893620,NULL),(587,62,39,0.761751080,NULL),(588,62,29,0.546943070,NULL),(589,62,2,0.574751870,NULL),(590,62,4,0.417973340,NULL),(591,62,3,0.794823060,NULL),(592,62,5,0.452285840,NULL),(593,62,1,0.605419940,NULL),(594,63,23,0.353104670,NULL),(595,63,38,0.754459450,NULL),(596,63,28,0.642887800,NULL),(597,63,33,0.517209880,NULL),(598,63,9,0.334604640,NULL),(599,63,34,0.478994630,NULL),(600,63,3,0.742528280,NULL),(601,63,4,0.346079820,NULL),(602,63,11,0.557969700,NULL),(603,64,23,0.483149190,NULL),(604,64,38,0.605395500,NULL),(605,64,7,0.706443880,NULL),(606,64,2,0.476751890,NULL),(607,64,1,0.666330690,NULL),(608,64,33,0.279122690,NULL),(609,64,3,0.225569440,NULL),(610,64,9,0.371944720,NULL),(611,64,11,0.234227850,NULL),(612,64,4,0.513183200,NULL),(613,65,23,0.514590470,NULL),(614,65,19,0.411082220,NULL),(615,65,21,0.780297730,NULL),(616,65,29,0.658621140,NULL),(617,65,34,0.231133470,NULL),(618,65,9,0.359978270,NULL),(619,65,4,0.709745790,NULL),(620,65,2,0.139527270,NULL),(621,65,33,0.441478200,NULL),(622,65,1,0.689299550,NULL),(623,65,11,0.622288470,NULL),(624,66,23,0.261207070,NULL),(625,66,39,0.599279200,NULL),(626,66,27,0.697553690,NULL),(627,66,33,0.292431950,NULL),(628,66,4,0.298020420,NULL),(629,66,5,0.613261230,NULL),(630,66,8,0.322004140,NULL),(631,66,2,0.327702240,NULL),(632,66,9,0.474350450,NULL),(633,66,11,0.287134410,NULL),(634,66,1,0.535654580,NULL),(635,67,41,0.430725270,NULL),(636,67,19,0.362932030,NULL),(637,67,21,0.475206340,NULL),(638,67,26,0.783205060,NULL),(639,67,33,0.739576010,NULL),(640,67,8,0.731423920,NULL),(641,67,34,0.612689640,NULL),(642,67,1,0.520145500,NULL),(643,68,40,0.701148870,NULL),(644,68,19,0.685836120,NULL),(645,68,21,0.452144440,NULL),(646,68,32,0.553214060,NULL),(647,68,4,0.549411500,NULL),(648,68,8,0.377164280,NULL),(649,68,33,0.207408690,NULL),(650,68,34,0.250367300,NULL),(651,68,9,0.662238930,NULL),(652,68,1,0.621813960,NULL),(653,69,23,0.465390980,NULL),(654,69,19,0.700440050,NULL),(655,69,21,0.835015290,NULL),(656,69,29,0.639047090,NULL),(657,69,4,0.479175780,NULL),(658,69,34,0.615627110,NULL),(659,69,3,0.477993230,NULL),(660,69,8,0.795433450,NULL),(661,70,40,0.361789190,NULL),(662,70,39,0.524881450,NULL),(663,70,29,0.458068850,NULL),(664,70,1,0.267186090,NULL),(665,70,2,0.284233140,NULL),(666,70,34,0.308445050,NULL),(667,70,5,0.563093540,NULL),(668,70,11,0.528825420,NULL),(669,70,33,0.523392110,NULL),(670,71,23,0.640362790,NULL),(671,71,19,0.565112470,NULL),(672,71,21,0.361025050,NULL),(673,71,27,0.496510440,NULL),(674,71,33,0.361832130,NULL),(675,71,3,0.204849460,NULL),(676,71,4,0.491714150,NULL),(677,71,2,0.848411850,NULL),(678,71,5,0.302008280,NULL),(679,71,8,0.503777860,NULL),(680,71,11,0.248278770,NULL),(681,71,9,0.458328500,NULL),(682,72,40,0.502637370,NULL),(683,72,38,0.562780040,NULL),(684,72,27,0.744818630,NULL),(685,72,8,0.356680120,NULL),(686,72,4,0.662337920,NULL),(687,72,34,0.344376670,NULL),(688,72,9,0.279419100,NULL),(689,72,3,0.481927570,NULL),(690,72,1,0.715616560,NULL),(691,72,5,0.638437930,NULL),(692,73,41,0.290701180,NULL),(693,73,38,0.649383140,NULL),(694,73,28,0.578026380,NULL),(695,73,3,0.438523780,NULL),(696,73,4,0.813666480,NULL),(697,73,33,0.632750050,NULL),(698,73,9,0.490821690,NULL),(699,73,34,0.517950410,NULL),(700,74,40,0.677151550,NULL),(701,74,22,0.555915340,NULL),(702,74,29,0.719525480,NULL),(703,74,8,0.181991170,NULL),(704,74,33,0.608952000,NULL),(705,74,1,0.421466730,NULL),(706,74,3,0.470740920,NULL),(707,74,4,0.409920050,NULL),(708,75,23,0.479096040,NULL),(709,75,19,0.700726730,NULL),(710,75,21,0.707988680,NULL),(711,75,32,0.795943560,NULL),(712,75,2,0.229089780,NULL),(713,75,4,0.569351130,NULL),(714,75,5,0.425317150,NULL),(715,75,33,0.198727690,NULL),(716,75,3,0.417355580,NULL),(717,75,9,0.288791880,NULL),(718,75,1,0.718505640,NULL),(719,76,23,0.665186280,NULL),(720,76,39,0.381836150,NULL),(721,76,7,0.513155140,NULL),(722,76,4,0.714108830,NULL),(723,76,33,0.211161940,NULL),(724,76,5,0.247511130,NULL),(725,76,1,0.546171480,NULL),(726,76,34,0.599846910,NULL),(727,77,41,0.348453120,NULL),(728,77,20,0.665112490,NULL),(729,77,21,0.561362170,NULL),(730,77,28,0.757995910,NULL),(731,77,11,0.295100630,NULL),(732,77,9,0.242493590,NULL),(733,77,1,0.421466340,NULL),(734,77,8,0.436954640,NULL),(735,77,2,0.763604020,NULL),(736,78,23,0.720936870,NULL),(737,78,19,0.576431030,NULL),(738,78,21,0.687258720,NULL),(739,78,27,0.611321420,NULL),(740,78,11,0.244885020,NULL),(741,78,5,0.474545610,NULL),(742,78,2,0.293876100,NULL),(743,78,34,0.695254320,NULL),(744,78,4,0.401158360,NULL),(745,79,41,0.725599560,NULL),(746,79,19,0.724449810,NULL),(747,79,21,0.675327890,NULL),(748,79,32,0.754905790,NULL),(749,79,4,0.190411880,NULL),(750,79,8,0.133096760,NULL),(751,79,33,0.358825640,NULL),(752,79,34,0.218333410,NULL),(753,79,11,0.508212830,NULL),(754,79,3,0.585890610,NULL),(755,79,9,0.437172780,NULL),(756,80,40,0.614413440,NULL),(757,80,38,0.465673220,NULL),(758,80,28,0.592027060,NULL),(759,80,5,0.205432390,NULL),(760,80,9,0.413750030,NULL),(761,80,11,0.752139300,NULL),(762,80,34,0.550867540,NULL),(763,81,23,0.609002210,NULL),(764,81,22,0.665471350,NULL),(765,81,27,0.270484260,NULL),(766,81,8,0.313252980,NULL),(767,81,3,0.300540870,NULL),(768,81,4,0.198613240,NULL),(769,81,5,0.580518140,NULL),(770,81,1,0.710439940,NULL),(771,82,40,0.408954440,NULL),(772,82,39,0.328067700,NULL),(773,82,7,0.474635670,NULL),(774,82,9,0.516952890,NULL),(775,82,3,0.478604600,NULL),(776,82,33,0.422378280,NULL),(777,82,5,0.229031980,NULL),(778,82,8,0.770065290,NULL),(779,82,4,0.735544310,NULL),(780,83,40,0.663968400,NULL),(781,83,19,0.737045020,NULL),(782,83,21,0.662310460,NULL),(783,83,7,0.718240660,NULL),(784,83,26,0.723990170,NULL),(785,83,1,0.372136040,NULL),(786,83,34,0.873576760,NULL),(787,83,33,0.380507850,NULL),(788,83,5,0.519668880,NULL),(789,83,2,0.598200080,NULL),(790,83,11,0.614244370,NULL),(791,83,4,0.579143010,NULL),(792,84,41,0.729686700,NULL),(793,84,22,0.622895890,NULL),(794,84,27,0.588031670,NULL),(795,84,11,0.330617610,NULL),(796,84,3,0.371147670,NULL),(797,84,1,0.451281840,NULL),(798,84,5,0.396465060,NULL),(799,84,34,0.333291340,NULL),(800,84,4,0.454361600,NULL),(801,84,2,0.430754730,NULL),(802,84,9,0.610206600,NULL),(803,85,41,0.638497790,NULL),(804,85,39,0.824015400,NULL),(805,85,7,0.670799820,NULL),(806,85,2,0.322995830,NULL),(807,85,3,0.120544450,NULL),(808,85,1,0.619301100,NULL),(809,85,11,0.385043820,NULL),(810,85,33,0.630963560,NULL),(811,85,34,0.814278660,NULL),(812,86,40,0.301132240,NULL),(813,86,38,0.729634640,NULL),(814,86,27,0.865037760,NULL),(815,86,1,0.457858950,NULL),(816,86,33,0.496717550,NULL),(817,86,4,0.548079010,NULL),(818,86,8,0.639362910,NULL),(819,87,41,0.585806780,NULL),(820,87,19,0.630120780,NULL),(821,87,21,0.665586350,NULL),(822,87,7,0.603195440,NULL),(823,87,5,0.307252010,NULL),(824,87,9,0.315838100,NULL),(825,87,11,0.361188680,NULL),(826,87,1,0.497628590,NULL),(827,87,4,0.578843260,NULL),(828,87,8,0.530753860,NULL),(829,87,33,0.692676630,NULL),(830,87,34,0.519244110,NULL),(831,88,23,0.587068700,NULL),(832,88,20,0.621129100,NULL),(833,88,21,0.314231030,NULL),(834,88,26,0.772747440,NULL),(835,88,1,0.380765220,NULL),(836,88,3,0.359916920,NULL),(837,88,2,0.309743480,NULL),(838,88,34,0.336992700,NULL),(839,88,8,0.679450890,NULL),(840,88,4,0.613337600,NULL),(841,88,5,0.501565050,NULL),(842,89,23,0.639630970,NULL),(843,89,39,0.435177080,NULL),(844,89,32,0.647575370,NULL),(845,89,34,0.599955940,NULL),(846,89,5,0.469214370,NULL),(847,89,1,0.561791610,NULL),(848,89,2,0.231310590,NULL),(849,89,8,0.349002950,NULL),(850,89,3,0.633108600,NULL),(851,89,9,0.543876880,NULL),(852,90,41,0.697359500,NULL),(853,90,19,0.395189670,NULL),(854,90,21,0.522424500,NULL),(855,90,26,0.793207800,NULL),(856,90,5,0.409657590,NULL),(857,90,33,0.293533170,NULL),(858,90,8,0.575513960,NULL),(859,90,1,0.467676350,NULL),(860,90,11,0.493841020,NULL),(861,91,23,0.553647890,NULL),(862,91,22,0.722549670,NULL),(863,91,28,0.743852880,NULL),(864,91,5,0.359206040,NULL),(865,91,9,0.271230310,NULL),(866,91,2,0.332031480,NULL),(867,91,11,0.469904720,NULL),(868,91,8,0.614608120,NULL),(869,91,34,0.645672630,NULL),(870,92,40,0.418639650,NULL),(871,92,38,0.529188330,NULL),(872,92,26,0.775530220,NULL),(873,92,5,0.115456370,NULL),(874,92,33,0.731620170,NULL),(875,92,2,0.360927280,NULL),(876,92,4,0.475631340,NULL),(877,92,34,0.398569650,NULL),(878,92,8,0.608043200,NULL),(879,92,9,0.488429090,NULL),(880,93,40,0.534507040,NULL),(881,93,19,0.670698100,NULL),(882,93,21,0.703310490,NULL),(883,93,27,0.869246190,NULL),(884,93,3,0.234295810,NULL),(885,93,1,0.413541350,NULL),(886,93,11,0.618689270,NULL),(887,93,2,0.598900770,NULL),(888,93,9,0.433550260,NULL),(889,93,33,0.451285670,NULL),(890,94,40,0.427390990,NULL),(891,94,39,0.521125610,NULL),(892,94,26,0.766756480,NULL),(893,94,4,0.356736030,NULL),(894,94,1,0.789602260,NULL),(895,94,8,0.500033340,NULL),(896,94,3,0.794535150,NULL),(897,94,5,0.520093650,NULL),(898,95,23,0.577692800,NULL),(899,95,38,0.544866310,NULL),(900,95,26,0.861407610,NULL),(901,95,5,0.686107690,NULL),(902,95,34,0.340923010,NULL),(903,95,9,0.148001630,NULL),(904,95,3,0.635013380,NULL),(905,95,4,0.503033130,NULL),(906,96,40,0.695666670,NULL),(907,96,22,0.705525760,NULL),(908,96,7,0.490557190,NULL),(909,96,34,0.555430570,NULL),(910,96,8,0.311439320,NULL),(911,96,3,0.472085910,NULL),(912,96,2,0.223421380,NULL),(913,96,1,0.728011000,NULL),(914,96,4,0.617085050,NULL),(915,97,41,0.311571240,NULL),(916,97,19,0.658743180,NULL),(917,97,21,0.727543720,NULL),(918,97,32,0.786486750,NULL),(919,97,9,0.633656520,NULL),(920,97,4,0.613219860,NULL),(921,97,1,0.446305270,NULL),(922,97,8,0.463302510,NULL),(923,97,3,0.567617870,NULL),(924,97,33,0.684075760,NULL),(925,98,40,0.647347790,NULL),(926,98,20,0.683057780,NULL),(927,98,21,0.841252860,NULL),(928,98,26,0.794437270,NULL),(929,98,5,0.487237450,NULL),(930,98,2,0.457929710,NULL),(931,98,8,0.370736060,NULL),(932,98,3,0.342106300,NULL),(933,98,4,0.454213390,NULL),(934,98,9,0.513213630,NULL),(935,98,1,0.730708760,NULL),(936,99,40,0.653462770,NULL),(937,99,19,0.445692510,NULL),(938,99,21,0.505013780,NULL),(939,99,28,0.652696160,NULL),(940,99,1,0.354169970,NULL),(941,99,5,0.456851470,NULL),(942,99,2,0.746749790,NULL),(943,99,34,0.832003320,NULL),(944,99,9,0.626381860,NULL),(945,99,4,0.565306050,NULL),(946,100,41,0.598610640,NULL),(947,100,19,0.400144640,NULL),(948,100,21,0.845821620,NULL),(949,100,27,0.785394080,NULL),(950,100,4,0.710383600,NULL),(951,100,1,0.425733200,NULL),(952,100,33,0.522053520,NULL),(953,100,5,0.342872310,NULL),(954,100,9,0.525710080,NULL),(955,100,8,0.500622860,NULL),(956,100,2,0.402060270,NULL);
/*!40000 ALTER TABLE `company_tags` ENABLE KEYS */;
UNLOCK TABLES;

--
-- Table structure for table `contact`
--

DROP TABLE IF EXISTS `contact`;
CREATE TABLE `contact` (
  `id` bigint(20) NOT NULL AUTO_INCREMENT,
  `name` varchar(60) DEFAULT NULL,
  `address_id` bigint(20) DEFAULT NULL,
  `active` tinyint(1) DEFAULT NULL,
  `authorizer` tinyint(1) NOT NULL DEFAULT '0',
  PRIMARY KEY (`id`),
  KEY `address_id` (`address_id`),
  CONSTRAINT `contact_ibfk_1` FOREIGN KEY (`address_id`) REFERENCES `address` (`id`)
);

--
-- Dumping data for table `contact`
--

LOCK TABLES `contact` WRITE;
/*!40000 ALTER TABLE `contact` DISABLE KEYS */;
INSERT INTO `contact` VALUES (1,'Samantha Peter Warner',780,1,0),(2,'Frank Horton',279,1,0),(3,'Kayla Grace Peter Shepherd',615,1,0),(4,'Henry Jonathan Paul Gilliam',420,1,0),(5,'Bradley Deleon Matthews',376,1,0),(6,'Benjamin Pitts',702,1,0),(7,'Juan Joseph',615,1,0),(8,'Joshua Drake Helen Yang',911,1,0),(9,'Joan Olson',961,1,0),(10,'Patricia Ray',3,1,0),(11,'Jesse Padilla',540,1,0),(12,'Madison Lindsey',753,1,0),(13,'Nicholas Stein',519,1,0),(14,'Noah Matthew Adam Mathis',761,1,0),(15,'Sara Calhoun Wright',869,1,0),(16,'Melissa Denise Steele',770,1,0),(17,'Lisa Cardenas',246,1,0),(18,'Brandon Victoria Marilyn Mack',157,1,0),(19,'Kathleen Bruce Mitchell',139,1,0),(20,'Wayne Riley Frank',579,1,0),(21,'Ann Cherry Samuel Kane',6,1,0),(22,'Ronald Ann Jesse Lara',527,1,0),(23,'Bradley Gay',790,1,0),(24,'Elizabeth Marilyn Kelley',979,1,0),(25,'Patricia Joyner Gibbs',725,1,0),(26,'Sarah Knox',103,1,0),(27,'Andrew Austin Eric Holden',274,1,0),(28,'Megan Leblanc George Jackson',317,1,0),(29,'Marilyn Marks',467,1,0),(30,'Philip Ruth Mcknight Blanchard',579,1,0),(31,'Jeffrey Brittany Weiss Potts',564,1,0),(32,'Sharon Frank Odonnell',969,1,0),(33,'Lisa Michael Reyes',703,1,0),(34,'Jesse Thomas Herman Harris',966,1,0),(35,'Sharon Charles Vinson',691,1,0),(36,'Carl Bradley Suarez',842,1,0),(37,'John Phillips Baldwin',665,1,0),(38,'Karen Ortiz',416,1,0),(39,'Ronald Hanson',907,1,0),(40,'Marilyn Cook Vincent',609,1,0),(41,'Noah Porter',67,1,0),(42,'Heather Dyer',33,1,0),(43,'Stephanie Blanchard',449,1,0),(44,'Janet Nichols Reed',48,1,0),(45,'Rebecca Chambers',652,1,0),(46,'Christian George Mcneil',701,1,0),(47,'Nathan Carroll Larsen',404,1,0),(48,'Raymond Sophia Galloway',624,1,0),(49,'Raymond Norris',205,1,0),(50,'Karen Kathleen Patrick Fisher',87,1,0),(51,'Julie Wayne Walters',354,1,0),(52,'Joan Rowe Delaney',881,1,0),(53,'Arthur Whitehead',211,1,0),(54,'Lauren Curry',457,1,0),(55,'Zachary Schneider',767,1,0),(56,'Tyler Alexander Debra Lester',366,1,0),(57,'Diane Weaver',49,1,0),(58,'Wayne Alston Glenn England',806,1,0),(59,'Susan Albert',484,1,0),(60,'Henry Billy Dodson',195,1,0),(61,'Nathan Rivers Aaron Salazar',339,1,0),(62,'Ann Nicholas Boyer Rocha',72,1,0),(63,'Megan Mcgowan',859,1,0),(64,'Mark Shepherd Evelyn Bender',149,1,0),(65,'Keith Harrington Burt David',999,1,0),(66,'Eugene Wayne Kennedy Nichols',498,1,0),(67,'Philip Randy Barbara Willis',368,1,0),(68,'Sarah Schmidt Simpson',582,1,0),(69,'Frank Berger',890,1,0),(70,'Johnny Gross',115,1,0),(71,'Lauren Jordan Alford',274,1,0),(72,'Zachary Byers Allen',533,1,0),(73,'Theresa Susan Rose Byrd',496,1,0),(74,'Megan Avila Reese Hall',549,1,0),(75,'Bobby Helen Bowers',634,1,0),(76,'Teresa Donaldson Howard',125,1,0),(77,'Grace Mcmahon Wilson',308,1,0),(78,'Jesse Thomas Warren',315,1,0),(79,'Alexander Jordan West',715,1,0),(80,'Johnny Dylan Walters',711,1,0),(81,'Ann Galloway',821,1,0),(82,'Jordan Benson',597,1,0),(83,'Julie Bryan Daniels',764,1,0),(84,'Linda Sharp Edward Yang',732,1,0),(85,'Gary Collins Doyle Steele',925,1,0),(86,'Matthew Jesse Phelps',812,1,0),(87,'Daniel Soto Kimberly Dean',401,1,0),(88,'Kathleen Richards Bennett',159,1,0),(89,'Janet Jordan Delgado',138,1,0),(90,'Jane Kayla Conrad',660,1,0),(91,'Louis Neal',329,1,0),(92,'Walter Kaufman',731,1,0),(93,'Daniel Aaron Dunn Chen',470,1,0),(94,'Natalie Joseph Mary Huffman',844,1,0),(95,'Andrew Alexander',982,1,0),(96,'Gloria Slater Austin',159,1,0),(97,'Debra Conway',671,1,0),(98,'Justin Virginia England Deleon',269,1,0),(99,'Kyle Hoffman Barrett Roman',987,1,0),(100,'James Wilkinson King',607,1,0),(101,'Jordan Ayala Mcintyre',929,1,0),(102,'Julie Randy Schmidt',764,1,0),(103,'Jerry Roach',367,1,0),(104,'Amber Douglas Campos Combs',370,1,0),(105,'Marie Arnold Dorothy Roth',302,1,0),(106,'Sean Reeves Caldwell Dunn',421,1,0),(107,'Paul Nancy Susan Fuentes',648,1,0),(108,'Bryan Christine Sullivan',156,1,0),(109,'Louis Moore Slater Banks',131,1,0),(110,'Marie Randall',429,1,0),(111,'Jose Yates Madison Garner',513,1,0),(112,'Anna Armstrong',985,1,0),(113,'Christopher Ward',937,1,0),(114,'Bobby Butler',413,1,0),(115,'Helen Cherry',87,1,0),(116,'Joyce Samantha Meadows Stuart',799,1,0),(117,'Abigail Sandra Kent',460,1,0),(118,'Randy Avila',881,1,0),(119,'Brandon Jacobson Strong Harper',696,1,0),(120,'Julia Patrick Dillard Welch',43,1,0),(121,'Theresa Stephanie Johnson',871,1,0),(122,'Michelle Heath Beck Nixon',369,1,0),(123,'Doris Edwards Jacobson',113,1,0),(124,'Mary Cantrell Peterson Rose',360,1,0),(125,'Janice Merritt Richards',93,1,0),(126,'Lauren Gabriel Malone',624,1,0),(127,'Carl Harold Brenda Barker',474,1,0),(128,'Vincent Abigail Hood',334,1,0),(129,'Janice Cheryl Grant',12,1,0),(130,'Marilyn Rowland Hewitt Walsh',45,1,0),(131,'Lauren Stevens Barron',558,1,0),(132,'Danielle George',451,1,0),(133,'Virginia Matthew Galloway',734,1,0),(134,'Dorothy Reed',651,1,0),(135,'Patricia Scott',29,1,0),(136,'Jesse Molina',542,1,0),(137,'Michael Perkins',536,1,0),(138,'Rose Mckinney Richmond',713,1,0),(139,'Nicole Wiggins Durham',819,1,0),(140,'Robert Mcneil Knapp',684,1,0),(141,'Kelly Larry Sean Lancaster',668,1,0),(142,'Billy Russell Moses',777,1,0),(143,'Larry Hahn Higgins',775,1,0),(144,'Kathryn Webster',255,1,0),(145,'Jesse Mooney Newton',999,1,0),(146,'Jeremy Kline Kyle Sandoval',453,1,0),(147,'Kelly Stephen Cross Wilkerson',545,1,0),(148,'Danielle Roth',913,1,0),(149,'Willie Ethan Kirk Patel',232,1,0),(150,'James Goodwin Horton',259,1,0),(151,'Joseph Spears',848,1,0),(152,'Karen Chase Jensen',314,1,0),(153,'Abigail Strickland Lester',555,1,0),(154,'Ann Lawson',698,1,0),(155,'Willie Patel',336,1,0),(156,'Donna Riggs Jennings',460,1,0),(157,'Louis Anthony Valenzuela',776,1,0),(158,'Bobby Mckay Jose Holt',871,1,0),(159,'Ralph Carl Janet Roth',81,1,0),(160,'Rebecca Gabriel Miles',110,1,0),(161,'Ruth Soto',531,1,0),(162,'Elizabeth Dominguez',143,1,0),(163,'Bobby Branch',664,1,0),(164,'Brian Macdonald',249,1,0),(165,'Benjamin Bird Colon',439,1,0),(166,'Paul Goodwin',44,1,0),(167,'Diana Flynn',998,1,0),(168,'Kathryn Mclaughlin',373,1,0),(169,'Albert Mooney',728,1,0),(170,'Joseph Vazquez Stephenson',71,1,0),(171,'Alice Dylan Villarreal Booker',802,1,0),(172,'Jacob Amber Preston Lamb',338,1,0),(173,'Patrick Andrea Sims Porter',949,1,0),(174,'Carol Owen Morales',384,1,0),(175,'Stephanie Howe Kimberly Larsen',102,1,0),(176,'Judy Wayne Sullivan',940,1,0),(177,'Jonathan Watkins Barker',735,1,0),(178,'Jordan Cabrera Bell',301,1,0),(179,'Jacqueline Holden',132,1,0),(180,'John Woodard',951,1,0),(181,'Helen Haney Rios',369,1,0),(182,'Albert Andrew Gilmore Norman',661,1,0),(183,'Aaron Estes',908,1,0),(184,'Bryan Combs',274,1,0),(185,'Kelly Tyson',379,1,0),(186,'Austin Hooper Cunningham',929,1,0),(187,'Kathryn Calderon',780,1,0),(188,'Helen Hayden Burke',287,1,0),(189,'Stephanie Holden Diana Sharpe',583,1,0),(190,'Melissa Jerry Cobb Valencia',36,1,0),(191,'Noah Bullock Vinson',485,1,0),(192,'Jack Burns Rivera Cantrell',725,1,0),(193,'Deborah Rose',631,1,0),(194,'Susan Carol Cole',339,1,0),(195,'Christine Joe Harrington',437,1,0),(196,'Tyler Cain',275,1,0),(197,'Angela Ramsey',775,1,0),(198,'Sophia Reeves Carl Christian',51,1,0),(199,'Jerry Kennedy',552,1,0),(200,'Dylan Browning',379,1,0),(201,'Peter Pruitt Larsen Huffman',34,1,0),(202,'Jordan Betty West',626,1,0),(203,'Gerald Kyle Franklin',714,1,0),(204,'Diana Nicholas Diana Moon',687,1,0),(205,'Linda Gay',622,1,0),(206,'Kyle Galloway Klein',498,1,0),(207,'Ralph Walsh Mckee',868,1,0),(208,'Cynthia Pruitt',148,1,0),(209,'Joe Emma David Reilly',857,1,0),(210,'Joshua Gentry',339,1,0),(211,'Walter Oneal Bolton',877,1,0),(212,'Katherine Deborah Lewis',293,1,0),(213,'Jordan Dale Olivia Peck',654,1,0),(214,'Lawrence Brenda Everett Beach',57,1,0),(215,'Elizabeth Parsons',425,1,0),(216,'Donna Hogan',147,1,0),(217,'Brittany Tyler White Morrison',977,1,0),(218,'Julia Hopper Jones',366,1,0),(219,'Ryan Jonathan Kaufman Nixon',631,1,0),(220,'Arthur Rutledge Gross',549,1,0),(221,'Amanda Velasquez',948,1,0),(222,'Pamela Gerald Weiss Brown',835,1,0),(223,'Linda Christopher Hester',779,1,0),(224,'Marilyn Timothy William Riggs',695,1,0),(225,'Cheryl Wagner Waters Bryant',952,1,0),(226,'Aaron Wilder',395,1,0),(227,'Jordan Cline',324,1,0),(228,'Robert Dorothy Betty Barber',497,1,0),(229,'Billy Timothy Julia Clemons',365,1,0),(230,'Ethan Stevens',517,1,0),(231,'Cheryl Woods Pennington',959,1,0),(232,'Danielle Julie Kenneth Bentley',565,1,0),(233,'Amy Fernandez Vargas',152,1,0),(234,'Natalie Brock Gibbs',437,1,0),(235,'Madison Franklin',368,1,0),(236,'Lawrence Castro',731,1,0),(237,'Paul Jonathan Goff',314,1,0),(238,'Thomas Lindsay Barbara Walsh',422,1,0),(239,'Jason Sampson',106,1,0),(240,'Doris Daniels',631,1,0),(241,'Melissa Mejia Steven Jackson',234,1,0),(242,'Margaret Barrett Ryan Wise',551,1,0),(243,'Stephanie Foreman Kirby',482,1,0),(244,'Natalie Jackson',219,1,0),(245,'Sarah Brennan',995,1,0),(246,'Jose Stark Dejesus',289,1,0),(247,'Sean Michelle Wheeler Mullen',590,1,0),(248,'Peter Kerr',986,1,0),(249,'Mark King',126,1,0),(250,'James Arthur Hurst Todd',204,1,0),(251,'Albert Jacob Larsen Mcintyre',394,1,0),(252,'Kyle Keller',789,1,0),(253,'Anthony Greene',395,1,0),(254,'Rose Todd',404,1,0),(255,'Betty Freeman',674,1,0),(256,'Betty Larry Turner',153,1,0),(257,'Diane Henry Robertson',727,1,0),(258,'Dennis Randy Roy Marks',55,1,0),(259,'Janice Brown Moody',334,1,0),(260,'Alan Donaldson Moody',769,1,0),(261,'Thomas Maria Gregory',985,1,0),(262,'Dennis Woods',972,1,0),(263,'Billy Delgado',441,1,0),(264,'Ethan Lucas',47,1,0),(265,'Cynthia Carolyn Banks Soto',321,1,0),(266,'Zachary Betty Hart',829,1,0),(267,'Martha Sears',872,1,0),(268,'Kyle Teresa Gillespie',982,1,0),(269,'Mark Grace Amber Boyd',497,1,0),(270,'Elizabeth James Dillon Case',542,1,0),(271,'Gabriel Blake Martha Acevedo',437,1,0),(272,'Andrew Short',599,1,0),(273,'Maria Jordan Moreno',700,1,0),(274,'Kathryn Pamela Blackwell',340,1,0),(275,'Ruth Randy Craft',56,1,0),(276,'Emily Kimberly Dale Webster',422,1,0),(277,'Stephanie Macias Cunningham',385,1,0),(278,'Charles Glover Teresa Snider',248,1,0),(279,'Joyce Gibbs Wolfe Mcconnell',950,1,0),(280,'Henry Jose Flores Maynard',974,1,0),(281,'Johnny Bishop',321,1,0),(282,'Raymond Hall Terry Herring',458,1,0),(283,'Austin Rodriquez',347,1,0),(284,'Abigail Mejia Zamora',647,1,0),(285,'Gary Parrish',766,1,0),(286,'Danielle Owens',754,1,0),(287,'Alexander John Hull Franklin',331,1,0),(288,'Angela Cobb Mark Frank',653,1,0),(289,'Megan Bishop',652,1,0),(290,'Judy Jose Brian Ray',294,1,0),(291,'Victoria Romero Goff',227,1,0),(292,'Peter Lawson Barrett Malone',704,1,0),(293,'Samantha Sarah Jennings',597,1,0),(294,'Susan Sparks Rosales Cohen',898,1,0),(295,'Catherine Meyers',219,1,0),(296,'Gloria Diane Ratliff',717,1,0),(297,'Maria Murphy Flores',666,1,0),(298,'Diane James',950,1,0),(299,'Roger Parrish Thompson Carr',443,1,0),(300,'Nicole Ewing',630,1,0),(301,'Cheryl Janice Carson',952,1,0),(302,'Alice Gamble',557,1,0),(303,'Sophia Browning',848,1,0),(304,'John Garza Pittman Donovan',109,1,0),(305,'Sarah Kathryn Ramirez',389,1,0),(306,'Gloria Lowery',727,1,0),(307,'Gregory Mccarty',80,1,0),(308,'Victoria Fuller Shelton',435,1,0),(309,'Stephen Hammond',200,1,0),(310,'Diane Nunez Benjamin',611,1,0),(311,'Victoria Harrington',399,1,0),(312,'Julia Holman Mcfadden',921,1,0),(313,'Gerald Sweet',301,1,0),(314,'Samantha Ashley Neal',405,1,0),(315,'Danielle Burgess Francis',143,1,0),(316,'Randy Howe Alexis Mathews',307,1,0),(317,'Andrew Elliott',39,1,0),(318,'Jeremy Flores Riddle',697,1,0),(319,'Marilyn Wilson',576,1,0),(320,'Jennifer Key Kathryn Daugherty',428,1,0),(321,'Sean Joshua Chen Mayer',647,1,0),(322,'Nicole Pena Conrad',798,1,0),(323,'Nathan Rivas',479,1,0),(324,'Jose Burgess Haynes Gutierrez',257,1,0),(325,'Lisa Gaines',256,1,0),(326,'Kimberly Hale Beasley Velez',707,1,0),(327,'Andrew Castillo',553,1,0),(328,'Heather Armstrong',12,1,0),(329,'Philip Valenzuela',984,1,0),(330,'Bryan Zachary Cross',92,1,0),(331,'Frances Glass',305,1,0),(332,'Emma Joyce Stark',781,1,0),(333,'Bruce Hardin',922,1,0),(334,'Debra Aaron Maynard',311,1,0),(335,'Gregory Hinton',674,1,0),(336,'Samantha Fitzpatrick',952,1,0),(337,'Bobby Donald Clemons Diaz',511,1,0),(338,'Alice Billy Nieves Witt',135,1,0),(339,'Bruce Lisa Durham Rowe',450,1,0),(340,'Victoria Cox Mckay',374,1,0),(341,'Jeffrey Dylan Suarez Noble',61,1,0),(342,'Adam Raymond Laura Keith',553,1,0),(343,'Beverly Pace Hull',667,1,0),(344,'Alice Baxter',368,1,0),(345,'Eric Bush',3,1,0),(346,'Patrick Phelps',822,1,0),(347,'Christopher Berg Clay Farrell',170,1,0),(348,'Ronald Randolph',401,1,0),(349,'Stephen Booth',598,1,0),(350,'Emma Kayla Kelley',854,1,0),(351,'Timothy Wilcox',421,1,0),(352,'Joyce Flowers',758,1,0),(353,'Terry Benjamin Vasquez',907,1,0),(354,'Susan Jack Thompson',48,1,0),(355,'David Dalton',527,1,0),(356,'Arthur Alvarado',694,1,0),(357,'Michelle Shepherd Wooten',748,1,0),(358,'Emma Steven Tate Payne',657,1,0),(359,'Nicole Hodge',654,1,0),(360,'Peter Mcdowell',264,1,0),(361,'Teresa Sean Jean Chapman',626,1,0),(362,'Nicholas Odom Dillon',780,1,0),(363,'Austin Andrea Dean',619,1,0),(364,'Terry Bowman Jacobson',699,1,0),(365,'Sharon Graham Julia Cherry',276,1,0),(366,'Zachary Sosa',638,1,0),(367,'Sandra Jacobson Stokes',91,1,0),(368,'Judith Bridges',5,1,0),(369,'Jessica Mckinney Daugherty',549,1,0),(370,'Raymond Maddox Burnett',396,1,0),(371,'Jacqueline Mcclain',798,1,0),(372,'Gregory Spears Gray',103,1,0),(373,'Stephen Wayne Hurley',497,1,0),(374,'Cynthia Baxter Fulton',943,1,0),(375,'Justin Justin Langley Horton',851,1,0),(376,'Sandra Bright Richards',187,1,0),(377,'Theresa Yang',731,1,0),(378,'Joyce Baxter',837,1,0),(379,'Marilyn Brian Deleon',599,1,0),(380,'Patrick Gill',739,1,0),(381,'Janice Grace Charles Harrell',230,1,0),(382,'Kenneth Vincent Mary Lester',605,1,0),(383,'Dylan Underwood Palmer',31,1,0),(384,'Catherine Pratt',880,1,0),(385,'Roger Hamilton Marsh Salazar',163,1,0),(386,'Hannah Holman',919,1,0),(387,'James Raymond Wallace',523,1,0),(388,'Rachel Laura Natalie Moses',116,1,0),(389,'Mark Lindsey Forbes',246,1,0),(390,'Donald Gould',149,1,0),(391,'Edward Griffith Mccarthy',915,1,0),(392,'Lisa Roy',293,1,0),(393,'Justin Clemons',736,1,0),(394,'Shirley Peterson Barry',934,1,0),(395,'Hannah Wayne Gibbs Morton',591,1,0),(396,'Kayla Goodman Munoz',791,1,0),(397,'Danielle Valencia',146,1,0),(398,'Anna Larson',274,1,0),(399,'Megan Curtis Michael Lucas',442,1,0),(400,'Kyle Gallegos',258,1,0),(401,'Ethan Mosley Waller',584,1,0),(402,'Julia Gary Ramirez',30,1,0),(403,'Melissa Eric Tyler Dotson',589,1,0),(404,'Laura James Ellison',245,1,0),(405,'Andrea Mullen Harrington',788,1,0),(406,'William Duke Tyler Sexton',966,1,0),(407,'Ryan Jones Santana',932,1,0),(408,'Kyle Blake Ramsey',542,1,0),(409,'Frances Caldwell',318,1,0),(410,'Catherine Navarro',491,1,0),(411,'Walter Boone',634,1,0),(412,'Elizabeth Mccray',93,1,0),(413,'Lisa Walters Lauren Hanson',224,1,0),(414,'Jose Franklin',175,1,0),(415,'Christina Betty Nunez',689,1,0),(416,'Ethan Fields',562,1,0),(417,'Jerry Mcdaniel',468,1,0),(418,'Aaron Norman',396,1,0),(419,'Lauren Jeffrey Sanford',24,1,0),(420,'Gary Dennis',401,1,0),(421,'Angela Anthony',976,1,0),(422,'Justin Rasmussen',375,1,0),(423,'Raymond Denise Joyce Morse',568,1,0),(424,'Brian Glass Jensen Shepherd',5,1,0),(425,'Daniel Berger Hernandez',971,1,0),(426,'Carl Gilliam Woodard Johnson',743,1,0),(427,'Jason Blanchard Sweet',478,1,0),(428,'Albert Rivera Goodwin',938,1,0),(429,'Cynthia Henry Curtis',591,1,0),(430,'Carolyn English Lori Buckley',924,1,0),(431,'Dorothy Bryant',362,1,0),(432,'Susan Paul Morgan',804,1,0),(433,'Brittany Margaret Roger Vargas',86,1,0),(434,'Michelle Wayne Little',507,1,0),(435,'Anthony Carrillo Burch',787,1,0),(436,'Evelyn Dixon Logan Daugherty',453,1,0),(437,'Olivia Terry Simpson Mckenzie',208,1,0),(438,'Lawrence Carolyn Samuel Dale',18,1,0),(439,'Virginia Steven House',496,1,0),(440,'Eugene Green Rose Graves',157,1,0),(441,'Dylan Hendrix',479,1,0),(442,'Kayla Garza Frazier',15,1,0),(443,'Barbara Ortiz',418,1,0),(444,'Brian Parker',396,1,0),(445,'Gabriel Barnett',459,1,0),(446,'Janet King Schneider Allison',413,1,0),(447,'Lawrence Brooks Workman',477,1,0),(448,'Julia Larsen Everett',341,1,0),(449,'Samantha Henry Dyer Mack',449,1,0),(450,'Joe Carlson',335,1,0),(451,'Evelyn Kirk',472,1,0),(452,'Noah Sara Small Garcia',546,1,0),(453,'Diana Christine Rice Stevens',921,1,0),(454,'Olivia Jonathan Silva Shepherd',19,1,0),(455,'Cynthia Patel Ramirez',438,1,0),(456,'Johnny Joshua Murray',324,1,0),(457,'Carol Carver Ashley Goff',657,1,0),(458,'Dorothy Jane Ward',264,1,0),(459,'Diane Nicole Rios',541,1,0),(460,'Kayla Briggs Vang Salinas',399,1,0),(461,'Olivia Buchanan Cline',529,1,0),(462,'John Dennis',20,1,0),(463,'Kimberly Brandon Cummings',953,1,0),(464,'Logan Witt',386,1,0),(465,'Jennifer Gibson Gordon Wong',277,1,0),(466,'Deborah Teresa Moses',516,1,0),(467,'Diane Rachel Hodges',709,1,0),(468,'Aaron Conley Patterson',138,1,0),(469,'Nicholas Rojas',382,1,0),(470,'Kelly Kimberly May',715,1,0),(471,'Andrea Campos Ware',296,1,0),(472,'Lori Patricia Parsons',336,1,0),(473,'Andrea Janice Guerrero Hansen',495,1,0),(474,'Diana Linda Melton Rosa',510,1,0),(475,'Joan Larsen Holden',102,1,0),(476,'Roy Chase Hayden',872,1,0),(477,'Wayne Peterson Carpenter Good',578,1,0),(478,'Roy Sutton',657,1,0),(479,'John Phillips Baldwin',665,1,0),(480,'Elizabeth James Dillon Case',542,1,0),(481,'Jose Yates Madison Garner',513,1,0),(482,'Diana Linda Melton Rosa',510,1,0),(483,'Virginia Matthew Galloway',734,1,0),(484,'Patricia Ray',3,1,0),(485,'Jose Franklin',175,1,0),(486,'Jane Kayla Conrad',660,1,0),(487,'Ronald Hanson',907,1,0),(488,'Daniel Berger Hernandez',971,1,0),(489,'Diane Henry Robertson',727,1,0),(490,'Marie Arnold Dorothy Roth',302,1,0),(491,'Helen Hayden Burke',287,1,0),(492,'Megan Avila Reese Hall',549,1,0),(493,'Megan Leblanc George Jackson',317,1,0),(494,'James Raymond Wallace',523,1,0),(495,'Ethan Mosley Waller',584,1,0),(496,'Matthew Jesse Phelps',812,1,0),(497,'Ronald Hanson',907,1,0),(498,'Gregory Spears Gray',103,1,0),(499,'Jennifer Key Kathryn Daugherty',428,1,0),(500,'Abigail Strickland Lester',555,1,0);
/*!40000 ALTER TABLE `contact` ENABLE KEYS */;
UNLOCK TABLES;

--
-- Table structure for table `contacts_companies`
--

DROP TABLE IF EXISTS `contacts_companies`;
CREATE TABLE `contacts_companies` (
  `id` int(11) NOT NULL AUTO_INCREMENT,
  `contact_id` bigint(20) DEFAULT NULL,
  `company_id` bigint(20) DEFAULT NULL,
  `authorizer` tinyint(1) NOT NULL DEFAULT '0',
  PRIMARY KEY (`id`),
  KEY `contact_id` (`contact_id`),
  KEY `company_id` (`company_id`),
  CONSTRAINT `contacts_companies_ibfk_1` FOREIGN KEY (`contact_id`) REFERENCES `contact` (`id`),
  CONSTRAINT `contacts_companies_ibfk_2` FOREIGN KEY (`company_id`) REFERENCES `company` (`id`)
);

--
-- Dumping data for table `contacts_companies`
--

LOCK TABLES `contacts_companies` WRITE;
/*!40000 ALTER TABLE `contacts_companies` DISABLE KEYS */;
/*!40000 ALTER TABLE `contacts_companies` ENABLE KEYS */;
UNLOCK TABLES;

--
-- Table structure for table `contacts_sites`
--

DROP TABLE IF EXISTS `contacts_sites`;
CREATE TABLE `contacts_sites` (
  `id` int(11) NOT NULL AUTO_INCREMENT,
  `contact_id` bigint(20) DEFAULT NULL,
  `site_id` bigint(20) DEFAULT NULL,
  `authorizer` tinyint(1) NOT NULL DEFAULT '0',
  PRIMARY KEY (`id`),
  KEY `contact_id` (`contact_id`),
  KEY `site_id` (`site_id`),
  CONSTRAINT `contacts_sites_ibfk_1` FOREIGN KEY (`contact_id`) REFERENCES `contact` (`id`),
  CONSTRAINT `contacts_sites_ibfk_2` FOREIGN KEY (`site_id`) REFERENCES `site` (`id`)
);

--
-- Dumping data for table `contacts_sites`
--

LOCK TABLES `contacts_sites` WRITE;
/*!40000 ALTER TABLE `contacts_sites` DISABLE KEYS */;
/*!40000 ALTER TABLE `contacts_sites` ENABLE KEYS */;
UNLOCK TABLES;

--
-- Table structure for table `contacts_tags`
--

DROP TABLE IF EXISTS `contacts_tags`;
CREATE TABLE `contacts_tags` (
  `id` bigint(20) NOT NULL AUTO_INCREMENT,
  `contact_id` bigint(20) DEFAULT NULL,
  `tag_id` bigint(20) DEFAULT NULL,
  `weight` decimal(10,9) DEFAULT NULL,
  `active` tinyint(1) DEFAULT NULL,
  PRIMARY KEY (`id`),
  KEY `contact_id` (`contact_id`),
  KEY `tag_id` (`tag_id`),
  CONSTRAINT `contacts_tags_ibfk_1` FOREIGN KEY (`contact_id`) REFERENCES `contact` (`id`),
  CONSTRAINT `contacts_tags_ibfk_2` FOREIGN KEY (`tag_id`) REFERENCES `tag` (`id`)
);

--
-- Dumping data for table `contacts_tags`
--

LOCK TABLES `contacts_tags` WRITE;
/*!40000 ALTER TABLE `contacts_tags` DISABLE KEYS */;
/*!40000 ALTER TABLE `contacts_tags` ENABLE KEYS */;
UNLOCK TABLES;

--
-- Table structure for table `context_tags`
--

DROP TABLE IF EXISTS `context_tags`;
CREATE TABLE `context_tags` (
  `id` bigint(20) NOT NULL AUTO_INCREMENT,
  `task_id` bigint(20) DEFAULT NULL,
  `tag_id` bigint(20) DEFAULT NULL,
  `name` varchar(60) DEFAULT NULL,
  PRIMARY KEY (`id`),
  KEY `task_id` (`task_id`),
  KEY `tag_id` (`tag_id`),
  CONSTRAINT `context_tags_ibfk_1` FOREIGN KEY (`task_id`) REFERENCES `task` (`id`),
  CONSTRAINT `context_tags_ibfk_2` FOREIGN KEY (`tag_id`) REFERENCES `tag` (`id`)
);

--
-- Dumping data for table `context_tags`
--

LOCK TABLES `context_tags` WRITE;
/*!40000 ALTER TABLE `context_tags` DISABLE KEYS */;
INSERT INTO `context_tags` VALUES (1,2,20,'vindicator'),(2,2,11,'system'),(3,2,11,'system'),(4,2,28,'fips'),(5,2,NULL,'cards'),(6,2,NULL,'entry'),(7,2,NULL,'access'),(8,2,NULL,'cards'),(9,2,NULL,'locations'),(10,3,NULL,'service'),(11,3,NULL,'area'),(12,3,8,'gate'),(13,3,NULL,'release'),(14,3,9,'panel'),(15,3,NULL,'fix'),(16,3,8,'gate'),(17,3,NULL,'broken'),(18,4,5,'reader'),(19,4,NULL,'encryption'),(20,4,NULL,'error'),(21,4,NULL,'badge'),(22,4,NULL,'displays'),(23,4,NULL,'cards'),(24,5,NULL,'avigilon'),(25,5,NULL,'database'),(26,5,NULL,'access'),(27,5,NULL,'errors'),(28,5,NULL,'database'),(29,6,NULL,'entrance'),(30,6,NULL,'gates'),(31,7,5,'reader'),(32,7,NULL,'door'),(33,7,NULL,'issues'),(34,7,2,'strike'),(35,7,NULL,'release'),(36,7,NULL,'badge'),(37,7,NULL,'swipe'),(38,8,4,'rex'),(39,8,2,'strike'),(40,8,NULL,'fire'),(41,8,NULL,'randomly'),(42,9,NULL,'anyone'),(43,9,NULL,'walks'),(44,9,NULL,'doors'),(45,10,11,'system'),(46,10,NULL,'cardreaders'),(47,10,NULL,'shows'),(48,10,NULL,'alarms'),(49,11,NULL,'exchange'),(50,11,NULL,'integration'),(51,11,NULL,'failing'),(52,11,NULL,'lenel'),(53,11,NULL,'data'),(54,11,22,'onguard'),(55,11,10,'server'),(56,12,23,'enterprise'),(57,12,NULL,'replication'),(58,12,NULL,'office'),(59,12,10,'server'),(60,12,NULL,'nieves'),(61,12,11,'system'),(62,12,NULL,'updates'),(63,13,34,'rim'),(64,13,2,'strike'),(65,13,NULL,'secure'),(66,13,NULL,'storage'),(67,13,NULL,'door'),(68,13,5,'reader'),(69,13,NULL,'access'),(70,13,NULL,'sticks'),(71,14,11,'system'),(72,14,NULL,'readers'),(73,14,NULL,'cards'),(74,15,1,'maglock'),(75,15,34,'rim'),(76,15,2,'strike'),(77,15,NULL,'basement'),(78,15,NULL,'access'),(79,15,NULL,'door'),(80,16,NULL,'cardreader'),(81,16,NULL,'maglocks'),(82,17,NULL,'encryption'),(83,17,NULL,'certificate'),(84,17,21,'honeywell'),(85,17,11,'system'),(86,17,28,'fips'),(87,18,NULL,'garage'),(88,18,NULL,'exit'),(89,18,8,'gate'),(90,18,NULL,'approach'),(91,18,NULL,'cars'),(92,19,NULL,'perform'),(93,19,NULL,'maintenance'),(94,19,1,'maglock'),(95,19,NULL,'doors'),(96,20,NULL,'cardreader'),(97,20,NULL,'bin'),(98,20,NULL,'needs'),(99,21,38,'acm'),(100,21,38,'acm'),(101,22,NULL,'egress'),(102,22,NULL,'inspection'),(103,22,NULL,'timers'),(104,22,NULL,'seconds'),(105,23,NULL,'move'),(106,23,1,'maglock'),(107,23,11,'system'),(108,23,38,'acm'),(109,23,NULL,'doors'),(110,24,NULL,'firmware'),(111,24,NULL,'day'),(112,24,NULL,'issue'),(113,24,NULL,'panels'),(114,25,5,'reader'),(115,25,NULL,'door'),(116,25,NULL,'activation'),(117,25,NULL,'repair'),(118,26,NULL,'readers'),(119,26,NULL,'door'),(120,26,NULL,'cafeteria'),(121,26,NULL,'exit'),(122,26,NULL,'lobby'),(123,26,NULL,'door'),(124,27,NULL,'door'),(125,27,NULL,'secure'),(126,27,NULL,'egress'),(127,27,9,'panel'),(128,27,NULL,'reset'),(129,27,NULL,'effect'),(130,28,NULL,'avigilon'),(131,28,NULL,'users'),(132,28,NULL,'page'),(133,28,NULL,'displays'),(134,28,NULL,'ones'),(135,28,NULL,'credentials'),(136,1,NULL,'building'),(137,1,NULL,'readers'),(138,1,NULL,'headquarters'),(139,1,NULL,'issue'),(140,1,NULL,'minutes'),(141,1,NULL,'issue'),(142,2,20,'vindicator'),(143,2,11,'system'),(144,2,11,'system'),(145,2,28,'fips'),(146,2,NULL,'cards'),(147,2,NULL,'entry'),(148,2,NULL,'access'),(149,2,NULL,'cards'),(150,2,NULL,'locations'),(151,3,NULL,'service'),(152,3,NULL,'area'),(153,3,8,'gate'),(154,3,NULL,'release'),(155,3,9,'panel'),(156,3,NULL,'fix'),(157,3,8,'gate'),(158,3,NULL,'broken'),(159,4,5,'reader'),(160,4,NULL,'encryption'),(161,4,NULL,'error'),(162,4,NULL,'badge'),(163,4,NULL,'displays'),(164,4,NULL,'cards'),(165,1,NULL,'building'),(166,1,NULL,'readers'),(167,1,NULL,'headquarters'),(168,1,NULL,'issue'),(169,1,NULL,'minutes'),(170,1,NULL,'issue'),(171,2,20,'vindicator'),(172,2,11,'system'),(173,2,11,'system'),(174,2,28,'fips'),(175,2,NULL,'cards'),(176,2,NULL,'entry'),(177,2,NULL,'access'),(178,2,NULL,'cards'),(179,2,NULL,'locations'),(180,3,NULL,'service'),(181,3,NULL,'area'),(182,3,8,'gate'),(183,3,NULL,'release'),(184,3,9,'panel'),(185,3,NULL,'fix'),(186,3,8,'gate'),(187,3,NULL,'broken'),(188,4,5,'reader'),(189,4,NULL,'encryption'),(190,4,NULL,'error'),(191,4,NULL,'badge'),(192,4,NULL,'displays'),(193,4,NULL,'cards'),(194,5,NULL,'avigilon'),(195,5,NULL,'database'),(196,5,NULL,'access'),(197,5,NULL,'errors'),(198,5,NULL,'database'),(199,6,NULL,'entrance'),(200,6,NULL,'gates'),(201,7,5,'reader'),(202,7,NULL,'door'),(203,7,NULL,'issues'),(204,7,2,'strike'),(205,7,NULL,'release'),(206,7,NULL,'badge'),(207,7,NULL,'swipe'),(208,8,4,'rex'),(209,8,2,'strike'),(210,8,NULL,'fire'),(211,8,NULL,'randomly'),(212,9,NULL,'anyone'),(213,9,NULL,'walks'),(214,9,NULL,'doors'),(215,10,11,'system'),(216,10,NULL,'cardreaders'),(217,10,NULL,'shows'),(218,10,NULL,'alarms'),(219,11,NULL,'exchange'),(220,11,NULL,'integration'),(221,11,NULL,'failing'),(222,11,NULL,'lenel'),(223,11,NULL,'data'),(224,11,22,'onguard'),(225,11,10,'server'),(226,12,23,'enterprise'),(227,12,NULL,'replication'),(228,12,NULL,'office'),(229,12,10,'server'),(230,12,NULL,'nieves'),(231,12,11,'system'),(232,12,NULL,'updates'),(233,13,34,'rim'),(234,13,2,'strike'),(235,13,NULL,'secure'),(236,13,NULL,'storage'),(237,13,NULL,'door'),(238,13,5,'reader'),(239,13,NULL,'access'),(240,13,NULL,'sticks'),(241,14,11,'system'),(242,14,NULL,'readers'),(243,14,NULL,'cards'),(244,15,1,'maglock'),(245,15,34,'rim'),(246,15,2,'strike'),(247,15,NULL,'basement'),(248,15,NULL,'access'),(249,15,NULL,'door'),(250,16,NULL,'cardreader'),(251,16,NULL,'maglocks'),(252,17,NULL,'encryption'),(253,17,NULL,'certificate'),(254,17,21,'honeywell'),(255,17,11,'system'),(256,17,28,'fips'),(257,18,NULL,'garage'),(258,18,NULL,'exit'),(259,18,8,'gate'),(260,18,NULL,'approach'),(261,18,NULL,'cars'),(262,19,NULL,'perform'),(263,19,NULL,'maintenance'),(264,19,1,'maglock'),(265,19,NULL,'doors'),(266,20,NULL,'cardreader'),(267,20,NULL,'bin'),(268,20,NULL,'needs'),(269,21,38,'acm'),(270,21,38,'acm'),(271,22,NULL,'egress'),(272,22,NULL,'inspection'),(273,22,NULL,'timers'),(274,22,NULL,'seconds'),(275,23,NULL,'move'),(276,23,1,'maglock'),(277,23,11,'system'),(278,23,38,'acm'),(279,23,NULL,'doors'),(280,24,NULL,'firmware'),(281,24,NULL,'day'),(282,24,NULL,'issue'),(283,24,NULL,'panels'),(284,25,5,'reader'),(285,25,NULL,'door'),(286,25,NULL,'activation'),(287,25,NULL,'repair'),(288,26,NULL,'readers'),(289,26,NULL,'door'),(290,26,NULL,'cafeteria'),(291,26,NULL,'exit'),(292,26,NULL,'lobby'),(293,26,NULL,'door'),(294,27,NULL,'door'),(295,27,NULL,'secure'),(296,27,NULL,'egress'),(297,27,9,'panel'),(298,27,NULL,'reset'),(299,27,NULL,'effect'),(300,28,NULL,'avigilon'),(301,28,NULL,'users'),(302,28,NULL,'page'),(303,28,NULL,'displays'),(304,28,NULL,'ones'),(305,28,NULL,'credentials'),(306,1,NULL,'building'),(307,1,NULL,'readers'),(308,1,NULL,'headquarters'),(309,1,NULL,'issue'),(310,1,NULL,'minutes'),(311,1,NULL,'issue'),(312,2,20,'vindicator'),(313,2,11,'system'),(314,2,11,'system'),(315,2,28,'fips'),(316,2,NULL,'cards'),(317,2,NULL,'entry'),(318,2,NULL,'access'),(319,2,NULL,'cards'),(320,2,NULL,'locations'),(321,29,19,'prowatch'),(322,29,NULL,'door'),(323,29,NULL,'shift'),(324,29,NULL,'schedules'),(325,29,NULL,'schedules');
/*!40000 ALTER TABLE `context_tags` ENABLE KEYS */;
UNLOCK TABLES;

--
-- Table structure for table `resource`
--

DROP TABLE IF EXISTS `resource`;
CREATE TABLE `resource` (
  `id` bigint(20) NOT NULL AUTO_INCREMENT,
  `title` varchar(60) DEFAULT NULL,
  `contact_id` bigint(20) DEFAULT NULL,
  `active` tinyint(1) DEFAULT NULL,
  `can_dispatch` tinyint(1) DEFAULT NULL,
  `segment_id` bigint(20) DEFAULT NULL,
  PRIMARY KEY (`id`),
  KEY `contact_id` (`contact_id`),
  KEY `segment_id` (`segment_id`),
  CONSTRAINT `resource_ibfk_1` FOREIGN KEY (`contact_id`) REFERENCES `contact` (`id`),
  CONSTRAINT `resource_ibfk_2` FOREIGN KEY (`segment_id`) REFERENCES `segment` (`id`)
);

--
-- Dumping data for table `resource`
--

LOCK TABLES `resource` WRITE;
/*!40000 ALTER TABLE `resource` DISABLE KEYS */;
INSERT INTO `resource` VALUES (1,'Security Installer',482,1,1,1),(2,'Security Technician',353,1,1,1),(3,'Security Programmer',92,1,1,1),(4,'Security Programmer',484,1,1,1),(5,'Security Specialist',424,1,1,1),(6,'Security Engineer',495,1,1,1),(7,'Security Specialist',246,1,1,1),(8,'Security Engineer',62,1,1,1),(9,'Security Engineer',194,1,1,1),(10,'Security Installer',329,1,1,1),(11,'Security Installer',322,1,1,1),(12,'Security Installer',404,1,1,1),(13,'Security Technician',229,1,1,1),(14,'Security Programmer',393,1,1,1),(15,'Security Engineer',479,1,1,1),(16,'Security Technician',300,1,1,1),(17,'Security Specialist',119,1,1,1),(18,'Security Programmer',59,1,1,1),(19,'Security Specialist',198,1,1,1),(20,'Security Technician',272,1,1,1),(21,'Security Specialist',483,1,1,1),(22,'Security Installer',95,1,1,1),(23,'Security Technician',399,1,1,1),(24,'Security Installer',361,1,1,1),(25,'Security Engineer',251,1,1,1);
/*!40000 ALTER TABLE `resource` ENABLE KEYS */;
UNLOCK TABLES;

--
-- Table structure for table `resource_sites`
--

DROP TABLE IF EXISTS `resource_sites`;
CREATE TABLE `resource_sites` (
  `id` int(11) NOT NULL AUTO_INCREMENT,
  `resource_id` bigint(20) DEFAULT NULL,
  `site_id` bigint(20) DEFAULT NULL,
  PRIMARY KEY (`id`),
  KEY `resource_id` (`resource_id`),
  KEY `site_id` (`site_id`),
  CONSTRAINT `resource_sites_ibfk_1` FOREIGN KEY (`resource_id`) REFERENCES `resource` (`id`),
  CONSTRAINT `resource_sites_ibfk_2` FOREIGN KEY (`site_id`) REFERENCES `site` (`id`)
);

--
-- Dumping data for table `resource_sites`
--

LOCK TABLES `resource_sites` WRITE;
/*!40000 ALTER TABLE `resource_sites` DISABLE KEYS */;
/*!40000 ALTER TABLE `resource_sites` ENABLE KEYS */;
UNLOCK TABLES;

--
-- Table structure for table `resources_companies`
--

DROP TABLE IF EXISTS `resources_companies`;
CREATE TABLE `resources_companies` (
  `id` int(11) NOT NULL AUTO_INCREMENT,
  `resource_id` bigint(20) DEFAULT NULL,
  `company_id` bigint(20) DEFAULT NULL,
  PRIMARY KEY (`id`),
  KEY `resource_id` (`resource_id`),
  KEY `company_id` (`company_id`),
  CONSTRAINT `resources_companies_ibfk_1` FOREIGN KEY (`resource_id`) REFERENCES `resource` (`id`),
  CONSTRAINT `resources_companies_ibfk_2` FOREIGN KEY (`company_id`) REFERENCES `company` (`id`)
);

--
-- Dumping data for table `resources_companies`
--

LOCK TABLES `resources_companies` WRITE;
/*!40000 ALTER TABLE `resources_companies` DISABLE KEYS */;
/*!40000 ALTER TABLE `resources_companies` ENABLE KEYS */;
UNLOCK TABLES;

--
-- Table structure for table `resources_tags`
--

DROP TABLE IF EXISTS `resources_tags`;
CREATE TABLE `resources_tags` (
  `id` bigint(20) NOT NULL AUTO_INCREMENT,
  `resource_id` bigint(20) DEFAULT NULL,
  `tag_id` bigint(20) DEFAULT NULL,
  `weight` decimal(10,9) DEFAULT NULL,
  `active` tinyint(1) DEFAULT NULL,
  PRIMARY KEY (`id`),
  KEY `resource_id` (`resource_id`),
  KEY `tag_id` (`tag_id`),
  CONSTRAINT `resources_tags_ibfk_1` FOREIGN KEY (`resource_id`) REFERENCES `resource` (`id`),
  CONSTRAINT `resources_tags_ibfk_2` FOREIGN KEY (`tag_id`) REFERENCES `tag` (`id`)
);

--
-- Dumping data for table `resources_tags`
--

LOCK TABLES `resources_tags` WRITE;
/*!40000 ALTER TABLE `resources_tags` DISABLE KEYS */;
INSERT INTO `resources_tags` VALUES (1,1,5,0.575154000,NULL),(2,1,29,0.249094580,NULL),(3,1,3,0.255109680,NULL),(4,1,1,0.615629360,NULL),(5,1,8,0.293369720,NULL),(6,1,2,0.802907860,NULL),(7,1,9,0.342465580,NULL),(8,1,20,0.254998330,NULL),(9,1,21,0.441128780,NULL),(10,1,11,0.517497920,NULL),(11,1,41,0.341718890,NULL),(12,1,22,0.563833230,NULL),(13,1,26,0.486478070,NULL),(14,2,5,0.452258240,NULL),(15,2,7,0.140413010,NULL),(16,2,27,0.745831090,NULL),(17,2,34,0.331091040,NULL),(18,2,8,0.495288770,NULL),(19,2,29,0.602514810,NULL),(20,2,33,0.539801830,NULL),(21,2,26,0.774101160,NULL),(22,3,11,0.207989930,NULL),(23,3,40,0.323181540,NULL),(24,3,38,0.372163610,NULL),(25,3,4,0.421191770,NULL),(26,3,9,0.658216400,NULL),(27,3,20,0.366352400,NULL),(28,3,21,0.133845620,NULL),(29,3,2,0.564789270,NULL),(30,3,8,0.434117160,NULL),(31,3,5,0.262766310,NULL),(32,3,29,0.571703350,NULL),(33,3,39,0.604754690,NULL),(34,3,34,0.714429520,NULL),(35,4,2,0.766072500,NULL),(36,4,11,0.420118290,NULL),(37,4,40,0.315985530,NULL),(38,4,39,0.580431830,NULL),(39,4,20,0.373173610,NULL),(40,4,21,0.502568330,NULL),(41,4,33,0.785329290,NULL),(42,4,41,0.483008390,NULL),(43,4,1,0.389398500,NULL),(44,4,8,0.456829490,NULL),(45,4,7,0.396855980,NULL),(46,5,11,0.191177670,NULL),(47,5,23,0.366104280,NULL),(48,5,22,0.422902940,NULL),(49,5,5,0.454200480,NULL),(50,5,7,0.303525950,NULL),(51,5,1,0.161032340,NULL),(52,5,34,0.437836740,NULL),(53,5,33,0.165209720,NULL),(54,5,2,0.590908040,NULL),(55,5,4,0.689342120,NULL),(56,5,3,0.646900110,NULL),(57,5,28,0.700452410,NULL),(58,6,2,0.739587410,NULL),(59,6,3,0.419953290,NULL),(60,6,33,0.462958050,NULL),(61,6,9,0.516880670,NULL),(62,6,20,0.348415500,NULL),(63,6,21,0.393564880,NULL),(64,6,34,0.397786990,NULL),(65,6,8,0.677782360,NULL),(66,7,2,0.351880070,NULL),(67,7,3,0.287067260,NULL),(68,7,33,0.524755750,NULL),(69,7,34,0.573040710,NULL),(70,7,11,0.331161230,NULL),(71,7,23,0.598247680,NULL),(72,7,38,0.552609780,NULL),(73,7,4,0.403549050,NULL),(74,8,3,0.623660530,NULL),(75,8,8,0.447106720,NULL),(76,8,2,0.338694140,NULL),(77,8,32,0.729633700,NULL),(78,8,27,0.148583870,NULL),(79,8,34,0.656550660,NULL),(80,8,9,0.470395280,NULL),(81,8,22,0.406911570,NULL),(82,9,1,0.316099300,NULL),(83,9,33,0.202153870,NULL),(84,9,8,0.329328910,NULL),(85,9,9,0.574068710,NULL),(86,9,38,0.406300940,NULL),(87,9,3,0.340140320,NULL),(88,9,5,0.658080370,NULL),(89,9,7,0.587119560,NULL),(90,9,34,0.678051630,NULL),(91,9,39,0.506103140,NULL),(92,10,5,0.403458290,NULL),(93,10,26,0.341354130,NULL),(94,10,27,0.393143140,NULL),(95,10,4,0.712643300,NULL),(96,10,9,0.511752690,NULL),(97,10,22,0.516665840,NULL),(98,10,1,0.375376210,NULL),(99,10,32,0.715989140,NULL),(100,10,34,0.762239580,NULL),(101,10,3,0.747428670,NULL),(102,11,4,0.344627230,NULL),(103,11,34,0.334740780,NULL),(104,11,3,0.417148630,NULL),(105,11,5,0.427597560,NULL),(106,11,27,0.478270850,NULL),(107,11,33,0.308510540,NULL),(108,11,1,0.291036060,NULL),(109,11,32,0.578198580,NULL),(110,11,26,0.683726280,NULL),(111,11,9,0.805465730,NULL),(112,11,22,0.578703540,NULL),(113,12,34,0.309016630,NULL),(114,12,1,0.772700840,NULL),(115,12,11,0.390529960,NULL),(116,12,40,0.414869690,NULL),(117,12,22,0.342623060,NULL),(118,12,5,0.674069880,NULL),(119,12,29,0.259168190,NULL),(120,12,4,0.290049850,NULL),(121,12,28,0.300020210,NULL),(122,12,27,0.705548570,NULL),(123,12,7,0.824681710,NULL),(124,13,3,0.599795000,NULL),(125,13,34,0.355517150,NULL),(126,13,2,0.441002260,NULL),(127,13,1,0.504356210,NULL),(128,13,9,0.272464240,NULL),(129,13,19,0.524909780,NULL),(130,13,21,0.580820440,NULL),(131,13,33,0.491628020,NULL),(132,14,4,0.617796960,NULL),(133,14,2,0.530600760,NULL),(134,14,8,0.323365400,NULL),(135,14,33,0.648949960,NULL),(136,14,34,0.773120550,NULL),(137,14,27,0.878038150,NULL),(138,15,26,0.249726930,NULL),(139,15,4,0.416112150,NULL),(140,15,11,0.580218940,NULL),(141,15,23,0.171003250,NULL),(142,15,38,0.382257420,NULL),(143,15,3,0.393964130,NULL),(144,15,40,0.277015970,NULL),(145,15,1,0.529474260,NULL),(146,15,28,0.325708450,NULL),(147,15,5,0.470529780,NULL),(148,15,29,0.691531080,NULL),(149,15,41,0.701807670,NULL),(150,15,22,0.789497750,NULL),(151,16,33,0.597840630,NULL),(152,16,11,0.323987230,NULL),(153,16,40,0.449022120,NULL),(154,16,39,0.426059550,NULL),(155,16,4,0.644357120,NULL),(156,16,34,0.325734890,NULL),(157,16,5,0.443855830,NULL),(158,16,26,0.293665390,NULL),(159,16,1,0.647040240,NULL),(160,16,9,0.742350080,NULL),(161,16,20,0.778025370,NULL),(162,16,21,0.790501600,NULL),(163,17,9,0.666237640,NULL),(164,17,22,0.252681460,NULL),(165,17,34,0.384672480,NULL),(166,17,2,0.355095760,NULL),(167,17,8,0.294504190,NULL),(168,17,33,0.454610810,NULL),(169,17,11,0.348365900,NULL),(170,17,40,0.490943430,NULL),(171,17,20,0.408006770,NULL),(172,17,21,0.580348940,NULL),(173,17,39,0.499603090,NULL),(174,17,4,0.612631910,NULL),(175,18,4,0.294968920,NULL),(176,18,34,0.347132080,NULL),(177,18,2,0.390662490,NULL),(178,18,5,0.556377290,NULL),(179,18,26,0.972347400,NULL),(180,18,28,0.492351560,NULL),(181,18,7,0.231322790,NULL),(182,18,29,0.543165880,NULL),(183,18,8,0.744682590,NULL),(184,19,2,0.700450600,NULL),(185,19,3,0.431577860,NULL),(186,19,8,0.491270180,NULL),(187,19,9,0.524521160,NULL),(188,19,38,0.551338420,NULL),(189,19,11,0.434155530,NULL),(190,19,40,0.657249280,NULL),(191,19,1,0.509745470,NULL),(192,19,34,0.865236120,NULL),(193,20,2,0.431854940,NULL),(194,20,34,0.579360530,NULL),(195,20,1,0.248507060,NULL),(196,20,5,0.525727890,NULL),(197,20,26,0.364479470,NULL),(198,20,33,0.545246680,NULL),(199,20,28,0.506624210,NULL),(200,20,4,0.520015270,NULL),(201,20,3,0.895228770,NULL),(202,21,1,0.611402880,NULL),(203,21,4,0.855643140,NULL),(204,21,8,0.315138880,NULL),(205,21,11,0.270464100,NULL),(206,21,40,0.425856740,NULL),(207,21,19,0.223795430,NULL),(208,21,21,0.323884320,NULL),(209,21,33,0.587380830,NULL),(210,21,2,0.625517170,NULL),(211,21,5,0.511797170,NULL),(212,21,27,0.566196830,NULL),(213,21,9,0.705790140,NULL),(214,21,22,0.228145200,NULL),(215,22,9,0.174425290,NULL),(216,22,22,0.294337980,NULL),(217,22,2,0.287088670,NULL),(218,22,1,0.399751530,NULL),(219,22,3,0.286547520,NULL),(220,22,27,0.479145040,NULL),(221,22,34,0.387066670,NULL),(222,22,11,0.625824300,NULL),(223,22,41,0.524285110,NULL),(224,22,20,0.651580540,NULL),(225,22,21,0.468978630,NULL),(226,22,4,0.611346570,NULL),(227,22,40,0.497005420,NULL),(228,22,39,0.728174260,NULL),(229,23,9,0.493013680,NULL),(230,23,19,0.537189850,NULL),(231,23,21,0.571240250,NULL),(232,23,8,0.643880580,NULL),(233,23,27,0.458142480,NULL),(234,23,3,0.473041220,NULL),(235,23,34,0.764654060,NULL),(236,23,7,0.652493700,NULL),(237,24,1,0.410367540,NULL),(238,24,4,0.295123150,NULL),(239,24,9,0.379094790,NULL),(240,24,22,0.410768010,NULL),(241,24,11,0.512754460,NULL),(242,24,23,0.487832920,NULL),(243,24,20,0.577916520,NULL),(244,24,21,0.612392270,NULL),(245,24,33,0.655299310,NULL),(246,24,2,0.129571960,NULL),(247,24,34,0.813372470,NULL),(248,25,9,0.516268590,NULL),(249,25,22,0.463766930,NULL),(250,25,1,0.253250650,NULL),(251,25,11,0.240212870,NULL),(252,25,41,0.168467590,NULL),(253,25,19,0.331178950,NULL),(254,25,21,0.668709510,NULL),(255,25,33,0.424445400,NULL),(256,25,5,0.356835820,NULL),(257,25,32,0.379525140,NULL),(258,25,29,0.677500490,NULL),(259,25,4,0.683385410,NULL),(260,25,20,0.270903550,NULL);
/*!40000 ALTER TABLE `resources_tags` ENABLE KEYS */;
UNLOCK TABLES;

--
-- Table structure for table `role`
--

DROP TABLE IF EXISTS `role`;
CREATE TABLE `role` (
  `id` bigint(20) NOT NULL AUTO_INCREMENT,
  `name` varchar(80) DEFAULT NULL,
  `description` varchar(255) DEFAULT NULL,
  PRIMARY KEY (`id`),
  UNIQUE KEY `name` (`name`)
);

--
-- Dumping data for table `role`
--

LOCK TABLES `role` WRITE;
/*!40000 ALTER TABLE `role` DISABLE KEYS */;
INSERT INTO `role` VALUES (1,'admin','System Administrator'),(2,'dispatcher','Task Dispatcher'),(3,'user','Data Entry User');
/*!40000 ALTER TABLE `role` ENABLE KEYS */;
UNLOCK TABLES;

--
-- Table structure for table `roles_users`
--

DROP TABLE IF EXISTS `roles_users`;
CREATE TABLE `roles_users` (
  `id` int(11) NOT NULL AUTO_INCREMENT,
  `user_id` bigint(20) DEFAULT NULL,
  `role_id` bigint(20) DEFAULT NULL,
  PRIMARY KEY (`id`),
  KEY `user_id` (`user_id`),
  KEY `role_id` (`role_id`),
  CONSTRAINT `roles_users_ibfk_1` FOREIGN KEY (`user_id`) REFERENCES `user` (`id`),
  CONSTRAINT `roles_users_ibfk_2` FOREIGN KEY (`role_id`) REFERENCES `role` (`id`)
);

--
-- Dumping data for table `roles_users`
--

LOCK TABLES `roles_users` WRITE;
/*!40000 ALTER TABLE `roles_users` DISABLE KEYS */;
INSERT INTO `roles_users` VALUES (2,2,1),(5,3,3),(6,5,2);
/*!40000 ALTER TABLE `roles_users` ENABLE KEYS */;
UNLOCK TABLES;

--
-- Table structure for table `segment`
--

DROP TABLE IF EXISTS `segment`;
CREATE TABLE `segment` (
  `id` bigint(20) NOT NULL AUTO_INCREMENT,
  `name` varchar(60) DEFAULT NULL,
  `active` tinyint(1) DEFAULT NULL,
  PRIMARY KEY (`id`)
);

--
-- Dumping data for table `segment`
--

LOCK TABLES `segment` WRITE;
/*!40000 ALTER TABLE `segment` DISABLE KEYS */;
INSERT INTO `segment` VALUES (1,'Security',1),(2,'Fire',1),(3,'Surveillance',1),(4,'Building Automation',1),(5,'Information Technology',1);
/*!40000 ALTER TABLE `segment` ENABLE KEYS */;
UNLOCK TABLES;

--
-- Table structure for table `site`
--

DROP TABLE IF EXISTS `site`;
CREATE TABLE `site` (
  `id` bigint(20) NOT NULL AUTO_INCREMENT,
  `name` varchar(60) DEFAULT NULL,
  `address_id` bigint(20) DEFAULT NULL,
  `company_id` bigint(20) DEFAULT NULL,
  `active` tinyint(1) DEFAULT NULL,
  `resource_restricted` tinyint(1) NOT NULL DEFAULT '0',
  PRIMARY KEY (`id`),
  KEY `address_id` (`address_id`),
  KEY `company_id` (`company_id`),
  CONSTRAINT `site_ibfk_1` FOREIGN KEY (`address_id`) REFERENCES `address` (`id`),
  CONSTRAINT `site_ibfk_2` FOREIGN KEY (`company_id`) REFERENCES `company` (`id`)
);

--
-- Dumping data for table `site`
--

LOCK TABLES `site` WRITE;
/*!40000 ALTER TABLE `site` DISABLE KEYS */;
INSERT INTO `site` VALUES (1,'Perez Company',317,42,1,0),(2,'Shaffer Incorporated',68,68,1,0),(3,'Downs Shoppe',284,52,1,0),(4,'Mathis Shoppe',913,18,1,0),(5,'Mckee Partners',620,37,1,0),(6,'Jacobson Restaurant',564,59,1,0),(7,'Hewitt Hotel',683,94,1,0),(8,'Lindsay Hotel',102,7,1,0),(9,'Rivers Partners',624,25,1,0),(10,'Todd Shoppe',197,99,1,0),(11,'Nash LLC',910,29,1,0),(12,'Shields Logistics',851,26,1,0),(13,'Wagner Incorporated',265,73,1,0),(14,'Nolan Store',700,33,1,0),(15,'Beasley Partners',867,8,1,0),(16,'Sheppard Hotel',351,2,1,0),(17,'Adkins Partners',763,12,1,0),(18,'Snider LLC',662,48,1,0),(19,'Castaneda LLC',186,93,1,0),(20,'Larson Hotel',315,45,1,0),(21,'Buchanan Logistics',565,76,1,0),(22,'Little Warehousing',431,14,1,0),(23,'Russell Store',19,92,1,0),(24,'Burton Warehousing',214,83,1,0),(25,'Mckee LLC',78,22,1,0),(26,'Maynard Store',214,70,1,0),(27,'Knowles Company',483,58,1,0),(28,'Santos LLC',274,86,1,0),(29,'Young Logistics',159,23,1,0),(30,'Wiggins Company',757,36,1,0),(31,'Maldonado Incorporated',322,67,1,0),(32,'Kirby Restaurant',115,27,1,0),(33,'Skinner Logistics',479,37,1,0),(34,'Holman LLC',582,28,1,0),(35,'May Company',137,29,1,0),(36,'Woodard Store',937,21,1,0),(37,'Wilson Partners',232,14,1,0),(38,'Franklin Warehousing',469,88,1,0),(39,'Faulkner Incorporated',692,55,1,0),(40,'Carrillo Offices',596,2,1,0),(41,'Diaz Store',786,73,1,0),(42,'Preston Warehousing',795,39,1,0),(43,'Ayala Restaurant',708,10,1,0),(44,'Mcdaniel Store',555,10,1,0),(45,'Pate Partners',876,23,1,0),(46,'Jones LLC',328,12,1,0),(47,'Trevino Warehousing',784,21,1,0),(48,'Lynn Store',703,46,1,0),(49,'Ratliff LLC',541,97,1,0),(50,'Stanley Incorporated',817,53,1,0),(51,'Fulton Offices',545,65,1,0),(52,'Bates Incorporated',889,16,1,0),(53,'Harmon Company',502,54,1,0),(54,'Wise Restaurant',403,74,1,0),(55,'Solomon Restaurant',744,85,1,0),(56,'Little Shoppe',906,57,1,0),(57,'Holcomb Offices',526,50,1,0),(58,'Hunter Warehousing',773,54,1,0),(59,'Whitney Shoppe',436,43,1,0),(60,'Donaldson Logistics',273,2,1,0),(61,'Lowe Offices',952,89,1,0),(62,'Cline Company',987,33,1,0),(63,'Moody Shoppe',676,35,1,0),(64,'Carter Hotel',449,59,1,0),(65,'Hardy LLC',794,7,1,0),(66,'Bauer Logistics',909,76,1,0),(67,'Henson Store',661,45,1,0),(68,'Bird Partners',337,64,1,0),(69,'Daniels Logistics',850,34,1,0),(70,'Berger Offices',184,66,1,0),(71,'Saunders Shoppe',761,56,1,0),(72,'Rush Company',756,56,1,0),(73,'Christensen Company',11,65,1,0),(74,'Byrd Warehousing',775,21,1,0),(75,'Livingston LLC',204,29,1,0),(76,'Buck Restaurant',441,12,1,0),(77,'Murphy Offices',82,72,1,0),(78,'Rodriquez Company',348,63,1,0),(79,'Drake Shoppe',415,96,1,0),(80,'Gardner Warehousing',671,77,1,0),(81,'Talley Store',219,65,1,0),(82,'Garner Incorporated',388,14,1,0),(83,'Herring Store',585,82,1,0),(84,'Terry Hotel',973,48,1,0),(85,'Ellison LLC',776,52,1,0),(86,'Peck Logistics',640,34,1,0),(87,'Thornton Incorporated',863,70,1,0),(88,'Randolph Shoppe',448,29,1,0),(89,'Graham Incorporated',480,52,1,0),(90,'Roth Company',665,6,1,0),(91,'Bridges Partners',974,12,1,0),(92,'Witt Warehousing',64,60,1,0),(93,'Russo Company',70,32,1,0),(94,'Stevens Hotel',901,9,1,0),(95,'White Shoppe',61,83,1,0),(96,'Stokes Logistics',414,29,1,0),(97,'Mays Company',372,44,1,0),(98,'Flores Partners',687,35,1,0),(99,'Harrison Partners',501,23,1,0),(100,'Chan Restaurant',817,10,1,0),(101,'Martin Store',221,97,1,0),(102,'Garrison Company',312,8,1,0),(103,'Herrera Logistics',675,77,1,0),(104,'Harrington Shoppe',555,64,1,0),(105,'Ross Company',369,79,1,0),(106,'Bryant Restaurant',726,21,1,0),(107,'Hodge Warehousing',992,31,1,0),(108,'Delacruz Incorporated',652,37,1,0),(109,'Mccarthy Offices',736,40,1,0),(110,'Hood Logistics',731,64,1,0),(111,'Le Offices',10,50,1,0),(112,'Anderson LLC',363,1,1,0),(113,'Boyd Offices',239,53,1,0),(114,'Gibbs Hotel',720,71,1,0),(115,'Dunn Warehousing',807,44,1,0),(116,'Mueller Store',668,69,1,0),(117,'Fuller Offices',623,77,1,0),(118,'Lambert Offices',899,34,1,0),(119,'Frederick Logistics',976,68,1,0),(120,'Hunter Logistics',947,40,1,0),(121,'Gould LLC',619,53,1,0),(122,'Marks Offices',951,36,1,0),(123,'Mitchell Incorporated',175,51,1,0),(124,'Aguilar Restaurant',789,7,1,0),(125,'Tillman Store',324,93,1,0),(126,'Hansen Warehousing',468,90,1,0),(127,'Wright Warehousing',820,67,1,0),(128,'Price Logistics',108,90,1,0),(129,'Blackwell Shoppe',685,95,1,0),(130,'Espinoza Restaurant',36,10,1,0),(131,'Hayes Incorporated',908,87,1,0),(132,'Guerrero Company',906,16,1,0),(133,'Dixon Hotel',709,8,1,0),(134,'Moon Partners',286,1,1,0),(135,'Doyle Restaurant',833,42,1,0),(136,'Hunt Store',414,56,1,0),(137,'Santana Logistics',92,59,1,0),(138,'Robinson Company',364,64,1,0),(139,'Hernandez Offices',618,64,1,0),(140,'Osborne LLC',809,78,1,0),(141,'Ramos Incorporated',764,37,1,0),(142,'Mejia Incorporated',181,26,1,0),(143,'Robbins Company',347,24,1,0),(144,'Ray Shoppe',266,87,1,0),(145,'Gregory Restaurant',839,84,1,0),(146,'Glass Incorporated',995,59,1,0),(147,'Stein Shoppe',64,75,1,0),(148,'Knowles LLC',586,45,1,0),(149,'Hernandez Company',898,91,1,0),(150,'Foster Logistics',467,41,1,0),(151,'Christian LLC',850,82,1,0),(152,'Perry Partners',734,15,1,0),(153,'Henson Shoppe',611,93,1,0),(154,'Mcmillan Warehousing',707,61,1,0),(155,'Terrell Warehousing',907,24,1,0),(156,'Case Logistics',992,66,1,0),(157,'Mcpherson LLC',528,4,1,0),(158,'Trevino Hotel',797,93,1,0),(159,'Noel Offices',993,3,1,0),(160,'Mckenzie Warehousing',975,36,1,0),(161,'Tanner Company',754,46,1,0),(162,'Berger Warehousing',137,68,1,0),(163,'Pittman Hotel',89,69,1,0),(164,'Key Company',25,59,1,0),(165,'Cherry Hotel',810,23,1,0),(166,'Branch LLC',44,26,1,0),(167,'Aguilar Incorporated',874,99,1,0),(168,'Barr Warehousing',722,86,1,0),(169,'Williamson Shoppe',873,38,1,0),(170,'Reid Offices',346,60,1,0),(171,'Slater Offices',605,14,1,0),(172,'Conway Logistics',382,62,1,0),(173,'Pruitt Restaurant',526,91,1,0),(174,'Dodson Hotel',896,67,1,0),(175,'Potts Incorporated',677,66,1,0),(176,'Burnett Hotel',408,86,1,0),(177,'Gibbs Partners',874,65,1,0),(178,'Nolan Warehousing',225,8,1,0),(179,'Jordan Warehousing',68,38,1,0),(180,'Garza Hotel',350,73,1,0),(181,'Miranda LLC',223,30,1,0),(182,'Villarreal Partners',704,47,1,0),(183,'Griffin Incorporated',362,96,1,0),(184,'Rogers Incorporated',977,20,1,0),(185,'Daniel Company',586,70,1,0),(186,'Stevenson Hotel',914,28,1,0),(187,'Miles Partners',121,61,1,0),(188,'Mckee Partners',759,51,1,0),(189,'Campos Shoppe',892,85,1,0),(190,'Mcleod Restaurant',496,14,1,0),(191,'Gordon Company',916,65,1,0),(192,'Nieves Offices',82,29,1,0),(193,'Boyer LLC',931,91,1,0),(194,'Higgins Incorporated',411,87,1,0),(195,'Bond Partners',724,60,1,0),(196,'Gibbs Logistics',81,31,1,0),(197,'Blake Incorporated',496,20,1,0),(198,'Medina Restaurant',555,76,1,0),(199,'Glass Incorporated',73,51,1,0),(200,'Moon Logistics',954,49,1,0),(201,'Nunez Company',771,29,1,0),(202,'Hale Incorporated',804,21,1,0),(203,'William Incorporated',733,27,1,0),(204,'Tran Store',434,88,1,0),(205,'Fernandez Offices',590,48,1,0),(206,'Potter Restaurant',518,80,1,0),(207,'Lyons Restaurant',192,65,1,0),(208,'Irwin Hotel',599,87,1,0),(209,'Elliott Restaurant',507,81,1,0),(210,'Vang Partners',356,59,1,0),(211,'Dodson Incorporated',635,43,1,0),(212,'Ruiz Partners',749,26,1,0),(213,'Spears Restaurant',115,25,1,0),(214,'Fuentes Restaurant',492,52,1,0),(215,'Tucker Hotel',422,20,1,0),(216,'Emerson Partners',365,61,1,0),(217,'Welch Offices',262,64,1,0),(218,'Bowen Incorporated',933,26,1,0),(219,'Mueller Warehousing',505,55,1,0),(220,'Valdez LLC',809,62,1,0),(221,'Clements Restaurant',408,95,1,0),(222,'Gilliam Company',671,57,1,0),(223,'Hess Company',320,38,1,0),(224,'Leonard Company',499,29,1,0),(225,'Davenport Logistics',945,23,1,0),(226,'Hayden LLC',716,70,1,0),(227,'Carson Warehousing',577,6,1,0),(228,'Woodard Store',741,81,1,0),(229,'Sanchez Incorporated',11,33,1,0),(230,'Leblanc Shoppe',116,20,1,0),(231,'Hansen LLC',712,100,1,0),(232,'Monroe Hotel',517,42,1,0),(233,'Garrett Hotel',380,28,1,0),(234,'Curry Warehousing',947,95,1,0),(235,'Leon Hotel',586,33,1,0),(236,'Burgess Logistics',940,16,1,0),(237,'Harvey Incorporated',550,42,1,0),(238,'Newton Company',333,10,1,0),(239,'Holman Logistics',461,68,1,0),(240,'Mckinney Hotel',978,73,1,0),(241,'Conrad Incorporated',720,49,1,0),(242,'Alvarez Logistics',855,67,1,0),(243,'Matthews LLC',488,73,1,0),(244,'Stokes Store',273,95,1,0),(245,'Prince Store',337,82,1,0),(246,'Talley Partners',758,42,1,0),(247,'Howell Incorporated',865,13,1,0),(248,'Carroll Logistics',974,18,1,0),(249,'Jarvis Logistics',736,62,1,0),(250,'Mack Company',483,60,1,0),(251,'Scott LLC',359,43,1,0),(252,'Morgan Partners',314,48,1,0),(253,'Flowers Company',979,74,1,0),(254,'Zamora Warehousing',550,72,1,0),(255,'Freeman Incorporated',318,43,1,0),(256,'Sawyer Restaurant',18,78,1,0),(257,'Ramsey Incorporated',42,57,1,0),(258,'Mckee Offices',993,53,1,0),(259,'Barlow Hotel',221,10,1,0),(260,'Mack Offices',936,75,1,0),(261,'Blackburn Store',346,51,1,0),(262,'Daugherty Offices',520,15,1,0),(263,'Lester Partners',842,29,1,0),(264,'Odonnell Hotel',65,31,1,0),(265,'Hoffman Incorporated',953,57,1,0),(266,'Rowland Offices',117,76,1,0),(267,'Saunders Hotel',792,37,1,0),(268,'Vincent Hotel',766,48,1,0),(269,'Nixon Company',918,28,1,0),(270,'Mendoza Hotel',949,56,1,0),(271,'Benson Store',234,49,1,0),(272,'Roth Incorporated',608,69,1,0),(273,'Stanton Store',768,18,1,0),(274,'Gray Incorporated',66,77,1,0),(275,'Moreno Shoppe',543,93,1,0),(276,'Baxter Hotel',408,61,1,0),(277,'Clayton Hotel',971,74,1,0),(278,'Torres LLC',642,13,1,0),(279,'Levine Company',926,31,1,0),(280,'Herring Offices',686,22,1,0),(281,'Shields Shoppe',594,63,1,0),(282,'Gregory Offices',16,28,1,0),(283,'Mcconnell Restaurant',722,65,1,0),(284,'Griffith Offices',903,71,1,0),(285,'Walter Offices',37,79,1,0),(286,'Middleton Partners',744,49,1,0),(287,'Richards Shoppe',359,83,1,0),(288,'Holder Incorporated',438,57,1,0),(289,'Bauer Warehousing',79,10,1,0),(290,'Stevens Store',463,64,1,0),(291,'Pratt Logistics',950,35,1,0),(292,'Gill Offices',935,4,1,0),(293,'Washington Warehousing',86,29,1,0),(294,'Burgess Shoppe',573,91,1,0),(295,'Peters LLC',710,41,1,0),(296,'Estrada Shoppe',144,96,1,0),(297,'Randall Incorporated',649,64,1,0),(298,'Austin Offices',51,92,1,0),(299,'Cameron Store',523,42,1,0),(300,'Saunders Store',382,98,1,0);
/*!40000 ALTER TABLE `site` ENABLE KEYS */;
UNLOCK TABLES;

--
-- Table structure for table `sites_tags`
--

DROP TABLE IF EXISTS `sites_tags`;
CREATE TABLE `sites_tags` (
  `id` bigint(20) NOT NULL AUTO_INCREMENT,
  `site_id` bigint(20) DEFAULT NULL,
  `tag_id` bigint(20) DEFAULT NULL,
  `weight` decimal(10,9) DEFAULT NULL,
  `active` tinyint(1) DEFAULT NULL,
  PRIMARY KEY (`id`),
  KEY `site_id` (`site_id`),
  KEY `tag_id` (`tag_id`),
  CONSTRAINT `sites_tags_ibfk_1` FOREIGN KEY (`site_id`) REFERENCES `site` (`id`),
  CONSTRAINT `sites_tags_ibfk_2` FOREIGN KEY (`tag_id`) REFERENCES `tag` (`id`)
);

--
-- Dumping data for table `sites_tags`
--

LOCK TABLES `sites_tags` WRITE;
/*!40000 ALTER TABLE `sites_tags` DISABLE KEYS */;
INSERT INTO `sites_tags` VALUES (1,1,41,0.670816600,NULL),(2,1,38,0.770287920,NULL),(3,1,27,0.521672740,NULL),(4,1,33,0.540221380,NULL),(5,1,9,0.436884680,NULL),(6,1,34,0.330963560,NULL),(7,1,1,0.632038190,NULL),(8,1,11,0.754233650,NULL),(9,2,23,0.764898400,NULL),(10,2,38,0.606337840,NULL),(11,2,26,0.218266270,NULL),(12,2,1,0.225439600,NULL),(13,2,2,0.313436780,NULL),(14,2,11,0.562530520,NULL),(15,2,4,0.560426770,NULL),(16,2,9,0.260615840,NULL),(17,2,5,0.277836580,NULL),(18,3,41,0.583339200,NULL),(19,3,20,0.741590540,NULL),(20,3,21,0.698310030,NULL),(21,3,29,0.843172120,NULL),(22,3,3,0.178250560,NULL),(23,3,34,0.429012830,NULL),(24,3,11,0.411431220,NULL),(25,3,1,0.375205210,NULL),(26,3,2,0.662018020,NULL),(27,3,5,0.819915210,NULL),(28,4,40,0.716435540,NULL),(29,4,22,0.496604910,NULL),(30,4,28,0.861243090,NULL),(31,4,1,0.178356160,NULL),(32,4,33,0.801450950,NULL),(33,4,8,0.426743040,NULL),(34,4,2,0.348370600,NULL),(35,4,11,0.522486520,NULL),(36,5,23,0.431655320,NULL),(37,5,38,0.437066480,NULL),(38,5,26,0.435314340,NULL),(39,5,1,0.625962120,NULL),(40,5,4,0.265761290,NULL),(41,5,5,0.374467620,NULL),(42,5,9,0.574156140,NULL),(43,5,3,0.481950270,NULL),(44,5,33,0.888755210,NULL),(45,6,40,0.615743840,NULL),(46,6,20,0.802712700,NULL),(47,6,21,0.586932270,NULL),(48,6,27,0.808037140,NULL),(49,6,8,0.510221390,NULL),(50,6,9,0.384142100,NULL),(51,6,5,0.512305460,NULL),(52,6,2,0.371752140,NULL),(53,6,34,0.606953480,NULL),(54,7,40,0.492757630,NULL),(55,7,20,0.744442640,NULL),(56,7,21,0.319227670,NULL),(57,7,26,0.792334490,NULL),(58,7,1,0.308617260,NULL),(59,7,5,0.451713990,NULL),(60,7,4,0.300386500,NULL),(61,7,2,0.328377190,NULL),(62,7,33,0.331395930,NULL),(63,7,34,0.217259540,NULL),(64,7,8,0.548015140,NULL),(65,7,11,0.448430920,NULL),(66,8,23,0.561217440,NULL),(67,8,20,0.403276190,NULL),(68,8,21,0.697133410,NULL),(69,8,29,0.766695460,NULL),(70,8,33,0.403486780,NULL),(71,8,34,0.684858100,NULL),(72,8,5,0.571897250,NULL),(73,8,4,0.514303980,NULL),(74,8,8,0.572781320,NULL),(75,8,2,0.402373150,NULL),(76,8,1,0.880988980,NULL),(77,9,40,0.656624830,NULL),(78,9,22,0.580643240,NULL),(79,9,27,0.769932730,NULL),(80,9,5,0.393961790,NULL),(81,9,2,0.330789000,NULL),(82,9,33,0.327654590,NULL),(83,9,9,0.711469650,NULL),(84,9,3,0.423132660,NULL),(85,9,1,0.129906360,NULL),(86,9,11,0.375355040,NULL),(87,10,23,0.709037190,NULL),(88,10,20,0.698347610,NULL),(89,10,21,0.693398700,NULL),(90,10,26,0.363933630,NULL),(91,10,3,0.301303980,NULL),(92,10,5,0.561284520,NULL),(93,10,1,0.833991310,NULL),(94,10,11,0.402368440,NULL),(95,10,34,0.449597370,NULL),(96,10,9,0.650600410,NULL),(97,11,41,0.379559720,NULL),(98,11,38,0.507745500,NULL),(99,11,27,0.374827830,NULL),(100,11,11,0.569469180,NULL),(101,11,1,0.369556900,NULL),(102,11,8,0.576489690,NULL),(103,11,2,0.420598640,NULL),(104,11,33,0.425247190,NULL),(105,12,23,0.403397290,NULL),(106,12,19,0.549650930,NULL),(107,12,21,0.713518960,NULL),(108,12,28,0.793461390,NULL),(109,12,1,0.446284420,NULL),(110,12,9,0.259871210,NULL),(111,12,33,0.401063030,NULL),(112,12,11,0.607237010,NULL),(113,12,3,0.594201910,NULL),(114,12,8,0.815322190,NULL),(115,13,23,0.560575360,NULL),(116,13,39,0.488675610,NULL),(117,13,7,0.624896160,NULL),(118,13,11,0.293691010,NULL),(119,13,1,0.315754360,NULL),(120,13,9,0.766313110,NULL),(121,13,2,0.249890580,NULL),(122,13,8,0.542425660,NULL),(123,13,4,0.577850040,NULL),(124,14,23,0.517403670,NULL),(125,14,39,0.725242780,NULL),(126,14,7,0.824495410,NULL),(127,14,1,0.683048300,NULL),(128,14,3,0.883086840,NULL),(129,14,8,0.596409340,NULL),(130,14,11,0.344961800,NULL),(131,14,34,0.862852840,NULL),(132,15,40,0.508768780,NULL),(133,15,38,0.656770810,NULL),(134,15,26,0.349361880,NULL),(135,15,1,0.339407120,NULL),(136,15,2,0.397782880,NULL),(137,15,4,0.414317390,NULL),(138,15,9,0.469359890,NULL),(139,15,3,0.542579740,NULL),(140,15,8,0.169651940,NULL),(141,15,5,0.355494860,NULL),(142,15,34,0.850682950,NULL),(143,16,41,0.314278320,NULL),(144,16,20,0.226813030,NULL),(145,16,21,0.684156950,NULL),(146,16,32,0.562197910,NULL),(147,16,11,0.221872740,NULL),(148,16,9,0.715792810,NULL),(149,16,1,0.441586430,NULL),(150,16,33,0.574544290,NULL),(151,16,5,0.465609250,NULL),(152,16,34,0.731492320,NULL),(153,16,2,0.539937210,NULL),(154,17,23,0.629206700,NULL),(155,17,38,0.426727600,NULL),(156,17,19,0.764393940,NULL),(157,17,21,0.711981680,NULL),(158,17,29,0.732847130,NULL),(159,17,5,0.723073580,NULL),(160,17,33,0.474239170,NULL),(161,17,34,0.588708180,NULL),(162,17,1,0.780997930,NULL),(163,17,8,0.437257780,NULL),(164,17,9,0.625925140,NULL),(165,17,2,0.581078770,NULL),(166,18,41,0.764689810,NULL),(167,18,22,0.377161100,NULL),(168,18,29,0.725902980,NULL),(169,18,8,0.418534570,NULL),(170,18,33,0.533628750,NULL),(171,18,4,0.938814910,NULL),(172,18,2,0.272431340,NULL),(173,18,9,0.412808060,NULL),(174,18,3,0.422415870,NULL),(175,18,5,0.628687370,NULL),(176,19,40,0.677348080,NULL),(177,19,39,0.784409750,NULL),(178,19,27,0.694529380,NULL),(179,19,2,0.426078970,NULL),(180,19,3,0.325658480,NULL),(181,19,8,0.278564880,NULL),(182,19,1,0.378693070,NULL),(183,19,33,0.375412810,NULL),(184,19,9,0.515069750,NULL),(185,19,34,0.603628080,NULL),(186,19,5,0.659879560,NULL),(187,20,23,0.576002570,NULL),(188,20,19,0.490420820,NULL),(189,20,21,0.442479930,NULL),(190,20,22,0.442975160,NULL),(191,20,32,0.693883140,NULL),(192,20,34,0.178445110,NULL),(193,20,2,0.405669890,NULL),(194,20,9,0.450050520,NULL),(195,20,33,0.618157390,NULL),(196,21,23,0.571696530,NULL),(197,21,38,0.638213160,NULL),(198,21,27,0.643039280,NULL),(199,21,9,0.240968560,NULL),(200,21,5,0.555291270,NULL),(201,21,8,0.370169100,NULL),(202,21,11,0.500986800,NULL),(203,21,34,0.478213940,NULL),(204,22,41,0.710806910,NULL),(205,22,38,0.435652960,NULL),(206,22,32,0.658439530,NULL),(207,22,8,0.783208670,NULL),(208,22,1,0.539694200,NULL),(209,22,4,0.332799160,NULL),(210,22,9,0.440812040,NULL),(211,22,3,0.588628680,NULL),(212,23,40,0.480626870,NULL),(213,23,22,0.592132920,NULL),(214,23,26,0.646258860,NULL),(215,23,1,0.300708160,NULL),(216,23,33,0.697917360,NULL),(217,23,3,0.633005610,NULL),(218,23,8,0.254502440,NULL),(219,23,2,0.509881940,NULL),(220,23,11,0.568615110,NULL),(221,23,9,0.377371800,NULL),(222,24,41,0.363769130,NULL),(223,24,39,0.562220210,NULL),(224,24,26,0.554497340,NULL),(225,24,2,0.364238400,NULL),(226,24,8,0.355942750,NULL),(227,24,34,0.310124630,NULL),(228,24,9,0.448954480,NULL),(229,24,4,0.894567520,NULL),(230,24,11,0.484736460,NULL),(231,25,40,0.423427560,NULL),(232,25,38,0.542993990,NULL),(233,25,26,0.754003340,NULL),(234,25,9,0.323806830,NULL),(235,25,5,0.647488940,NULL),(236,25,8,0.258396260,NULL),(237,25,4,0.393636760,NULL),(238,25,2,0.596571360,NULL),(239,25,11,0.304986350,NULL),(240,26,41,0.684286350,NULL),(241,26,38,0.830668930,NULL),(242,26,26,0.486169580,NULL),(243,26,9,0.557093220,NULL),(244,26,8,0.333172870,NULL),(245,26,1,0.143911420,NULL),(246,26,11,0.422593520,NULL),(247,26,5,0.518081760,NULL),(248,26,34,0.770972370,NULL),(249,26,3,0.495497550,NULL),(250,27,40,0.711427680,NULL),(251,27,22,0.566577600,NULL),(252,27,26,0.384714080,NULL),(253,27,11,0.304157580,NULL),(254,27,9,0.579293580,NULL),(255,27,34,0.468566300,NULL),(256,27,5,0.352783910,NULL),(257,27,8,0.476765320,NULL),(258,27,4,0.649401400,NULL),(259,27,2,0.758424210,NULL),(260,28,41,0.558852640,NULL),(261,28,39,0.606457100,NULL),(262,28,40,0.523595250,NULL),(263,28,20,0.626724410,NULL),(264,28,21,0.704867010,NULL),(265,28,26,0.372553730,NULL),(266,28,9,0.364755920,NULL),(267,28,5,0.624366150,NULL),(268,28,4,0.205009010,NULL),(269,28,11,0.410461930,NULL),(270,28,8,0.479892930,NULL),(271,28,1,0.424253080,NULL),(272,29,23,0.242489460,NULL),(273,29,20,0.720135330,NULL),(274,29,21,0.574067190,NULL),(275,29,28,0.753279050,NULL),(276,29,11,0.382600070,NULL),(277,29,2,0.562206110,NULL),(278,29,34,0.709616950,NULL),(279,29,1,0.423019630,NULL),(280,29,8,0.447576280,NULL),(281,29,33,0.733684150,NULL),(282,29,4,0.620139010,NULL),(283,30,41,0.687683810,NULL),(284,30,39,0.775667720,NULL),(285,30,27,0.305823900,NULL),(286,30,9,0.437311080,NULL),(287,30,11,0.458795580,NULL),(288,30,33,0.272303480,NULL),(289,30,34,0.425417110,NULL),(290,30,4,0.447349210,NULL),(291,31,23,0.661297090,NULL),(292,31,22,0.728283160,NULL),(293,31,26,0.334943690,NULL),(294,31,5,0.528031310,NULL),(295,31,3,0.440014580,NULL),(296,31,9,0.349625140,NULL),(297,31,33,0.450669790,NULL),(298,31,8,0.305865580,NULL),(299,31,4,0.573628630,NULL),(300,31,2,0.599853370,NULL),(301,31,1,0.488191080,NULL),(302,32,40,0.173721690,NULL),(303,32,19,0.683594860,NULL),(304,32,21,0.640819690,NULL),(305,32,29,0.641624850,NULL),(306,32,34,0.753246130,NULL),(307,32,4,0.504725150,NULL),(308,32,1,0.241567370,NULL),(309,32,3,0.456710310,NULL),(310,32,5,0.593403410,NULL),(311,32,8,0.709061940,NULL),(312,32,33,0.547092130,NULL),(313,32,2,0.778984450,NULL),(314,33,40,0.559221100,NULL),(315,33,22,0.601323180,NULL),(316,33,28,0.486682830,NULL),(317,33,3,0.269004570,NULL),(318,33,8,0.501504440,NULL),(319,33,11,0.393417120,NULL),(320,33,34,0.606033490,NULL),(321,33,9,0.281937130,NULL),(322,33,4,0.543994650,NULL),(323,34,41,0.503669770,NULL),(324,34,38,0.599805320,NULL),(325,34,32,0.843498060,NULL),(326,34,2,0.413578530,NULL),(327,34,4,0.685950790,NULL),(328,34,33,0.209643660,NULL),(329,34,11,0.327612180,NULL),(330,34,9,0.472346460,NULL),(331,35,40,0.349750300,NULL),(332,35,38,0.658629690,NULL),(333,35,27,0.819596640,NULL),(334,35,33,0.307745840,NULL),(335,35,2,0.317444280,NULL),(336,35,34,0.430975930,NULL),(337,35,1,0.307186850,NULL),(338,35,4,0.601396460,NULL),(339,35,11,0.767810280,NULL),(340,36,23,0.472043280,NULL),(341,36,22,0.352188660,NULL),(342,36,7,0.526074960,NULL),(343,36,9,0.404495650,NULL),(344,36,1,0.378694150,NULL),(345,36,2,0.533328210,NULL),(346,36,8,0.467443680,NULL),(347,36,34,0.502098450,NULL),(348,36,11,0.311700990,NULL),(349,37,23,0.703315110,NULL),(350,37,39,0.758147040,NULL),(351,37,27,0.425843200,NULL),(352,37,8,0.384777780,NULL),(353,37,11,0.469050390,NULL),(354,37,2,0.604523340,NULL),(355,37,34,0.605492800,NULL),(356,37,1,0.807344610,NULL),(357,38,40,0.586884680,NULL),(358,38,39,0.685369260,NULL),(359,38,23,0.606469780,NULL),(360,38,32,0.686479430,NULL),(361,38,11,0.322178750,NULL),(362,38,4,0.415157370,NULL),(363,38,9,0.283426950,NULL),(364,38,33,0.805492640,NULL),(365,38,8,0.454577460,NULL),(366,39,41,0.572468580,NULL),(367,39,39,0.721811560,NULL),(368,39,32,0.670475000,NULL),(369,39,5,0.371350250,NULL),(370,39,34,0.352517370,NULL),(371,39,4,0.718822850,NULL),(372,39,9,0.539777030,NULL),(373,39,2,0.442562890,NULL),(374,39,11,0.237691080,NULL),(375,40,40,0.532633440,NULL),(376,40,22,0.707401950,NULL),(377,40,29,0.560889420,NULL),(378,40,2,0.274362270,NULL),(379,40,1,0.328389090,NULL),(380,40,5,0.605944950,NULL),(381,40,8,0.440626410,NULL),(382,40,9,0.313039590,NULL),(383,40,11,0.459422730,NULL),(384,40,34,0.597542380,NULL),(385,41,23,0.696721320,NULL),(386,41,38,0.524478740,NULL),(387,41,7,0.418740570,NULL),(388,41,2,0.623691770,NULL),(389,41,11,0.644291890,NULL),(390,41,9,0.342653090,NULL),(391,41,8,0.422731450,NULL),(392,41,4,0.532494650,NULL),(393,42,23,0.529012910,NULL),(394,42,22,0.643917500,NULL),(395,42,28,0.513570010,NULL),(396,42,11,0.311128400,NULL),(397,42,34,0.441724180,NULL),(398,42,2,0.746892600,NULL),(399,42,8,0.617874230,NULL),(400,42,5,0.553097460,NULL),(401,43,23,0.506113350,NULL),(402,43,22,0.464752450,NULL),(403,43,26,0.573021970,NULL),(404,43,11,0.318586380,NULL),(405,43,5,0.382623970,NULL),(406,43,2,0.434005030,NULL),(407,43,4,0.684050660,NULL),(408,43,33,0.427887380,NULL),(409,43,3,0.633208210,NULL),(410,44,41,0.449849860,NULL),(411,44,20,0.305849270,NULL),(412,44,21,0.719564830,NULL),(413,44,29,0.301909050,NULL),(414,44,8,0.292082500,NULL),(415,44,9,0.637489130,NULL),(416,44,2,0.118620290,NULL),(417,44,5,0.677635060,NULL),(418,44,11,0.483412240,NULL),(419,45,23,0.350724340,NULL),(420,45,38,0.631898850,NULL),(421,45,28,0.627799370,NULL),(422,45,9,0.278296430,NULL),(423,45,3,0.373172560,NULL),(424,45,11,0.434107390,NULL),(425,45,8,0.539660940,NULL),(426,45,1,0.458643170,NULL),(427,45,5,0.207643150,NULL),(428,45,4,0.395122690,NULL),(429,45,33,0.828052720,NULL),(430,46,41,0.420467740,NULL),(431,46,20,0.657888620,NULL),(432,46,21,0.720488350,NULL),(433,46,7,0.676536700,NULL),(434,46,4,0.740216500,NULL),(435,46,9,0.209392880,NULL),(436,46,1,0.629119320,NULL),(437,46,8,0.551439280,NULL),(438,46,2,0.553989590,NULL),(439,46,3,0.473859640,NULL),(440,47,41,0.743910160,NULL),(441,47,20,0.450685030,NULL),(442,47,21,0.635169710,NULL),(443,47,29,0.673895820,NULL),(444,47,34,0.382262760,NULL),(445,47,9,0.360902750,NULL),(446,47,5,0.290749100,NULL),(447,47,1,0.346515960,NULL),(448,47,33,0.793418500,NULL),(449,47,4,0.735191260,NULL),(450,48,40,0.431646640,NULL),(451,48,39,0.585063340,NULL),(452,48,7,0.437063100,NULL),(453,48,5,0.616573540,NULL),(454,48,33,0.470730090,NULL),(455,48,1,0.387323350,NULL),(456,48,3,0.398439350,NULL),(457,48,2,0.610445530,NULL),(458,49,23,0.677234220,NULL),(459,49,19,0.496794380,NULL),(460,49,21,0.673888120,NULL),(461,49,26,0.717917830,NULL),(462,49,28,0.637836830,NULL),(463,49,1,0.571126470,NULL),(464,49,33,0.307460840,NULL),(465,49,4,0.580985350,NULL),(466,49,34,0.482239560,NULL),(467,49,2,0.516108430,NULL),(468,49,8,0.537808400,NULL),(469,50,23,0.535765110,NULL),(470,50,38,0.623642950,NULL),(471,50,27,0.737227920,NULL),(472,50,3,0.635453970,NULL),(473,50,2,0.348318200,NULL),(474,50,34,0.341279010,NULL),(475,50,4,0.283201740,NULL),(476,50,1,0.545672020,NULL),(477,50,8,0.420728650,NULL),(478,50,11,0.425095130,NULL),(479,51,40,0.497985760,NULL),(480,51,20,0.407827440,NULL),(481,51,21,0.679851860,NULL),(482,51,29,0.799099440,NULL),(483,51,8,0.349918880,NULL),(484,51,9,0.632250580,NULL),(485,51,34,0.617538750,NULL),(486,51,1,0.765007840,NULL),(487,52,41,0.723131750,NULL),(488,52,39,0.440832740,NULL),(489,52,26,0.636865510,NULL),(490,52,9,0.256139770,NULL),(491,52,4,0.501042130,NULL),(492,52,33,0.486697300,NULL),(493,52,2,0.559467290,NULL),(494,52,1,0.553130280,NULL),(495,52,11,0.456845660,NULL),(496,52,8,0.376272930,NULL),(497,53,41,0.476426760,NULL),(498,53,38,0.440423760,NULL),(499,53,23,0.486506660,NULL),(500,53,20,0.300261770,NULL),(501,53,21,0.469956900,NULL),(502,53,26,0.264886090,NULL),(503,53,7,0.641217500,NULL),(504,53,34,0.373568720,NULL),(505,53,3,0.557669990,NULL),(506,53,2,0.257402290,NULL),(507,53,11,0.518513160,NULL),(508,53,1,0.243926880,NULL),(509,53,33,0.868369250,NULL),(510,54,23,0.551153030,NULL),(511,54,19,0.523780970,NULL),(512,54,21,0.695880090,NULL),(513,54,7,0.311786720,NULL),(514,54,33,0.347400980,NULL),(515,54,9,0.396743740,NULL),(516,54,4,0.379612620,NULL),(517,54,11,0.593053530,NULL),(518,54,3,0.617615860,NULL),(519,54,8,0.346662510,NULL),(520,54,1,0.623585530,NULL),(521,55,23,0.471718400,NULL),(522,55,19,0.528198990,NULL),(523,55,21,0.736692070,NULL),(524,55,26,0.500301450,NULL),(525,55,8,0.429922120,NULL),(526,55,3,0.702954280,NULL),(527,55,33,0.540482610,NULL),(528,55,4,0.348831880,NULL),(529,55,5,0.727835500,NULL),(530,56,41,0.541430050,NULL),(531,56,39,0.543337580,NULL),(532,56,26,0.676033800,NULL),(533,56,34,0.437204010,NULL),(534,56,3,0.402078560,NULL),(535,56,9,0.439704570,NULL),(536,56,8,0.111203560,NULL),(537,56,2,0.762579000,NULL),(538,56,33,0.758217850,NULL),(539,56,1,0.567740240,NULL),(540,56,4,0.848749800,NULL),(541,57,40,0.715865340,NULL),(542,57,20,0.641041130,NULL),(543,57,21,0.379461750,NULL),(544,57,32,0.641915650,NULL),(545,57,3,0.175979970,NULL),(546,57,34,0.309994070,NULL),(547,57,2,0.802049970,NULL),(548,57,9,0.470486220,NULL),(549,57,11,0.220388240,NULL),(550,57,33,0.363728630,NULL),(551,58,40,0.568841280,NULL),(552,58,22,0.507953220,NULL),(553,58,26,0.799481430,NULL),(554,58,5,0.541568760,NULL),(555,58,33,0.599767030,NULL),(556,58,8,0.357777050,NULL),(557,58,2,0.353204450,NULL),(558,58,34,0.654395670,NULL),(559,58,4,0.506672330,NULL),(560,59,23,0.391705420,NULL),(561,59,20,0.318625690,NULL),(562,59,21,0.746093490,NULL),(563,59,27,0.828228450,NULL),(564,59,9,0.408402440,NULL),(565,59,33,0.565900100,NULL),(566,59,5,0.251291960,NULL),(567,59,1,0.372832050,NULL),(568,59,11,0.734218500,NULL),(569,60,23,0.622884500,NULL),(570,60,22,0.654252080,NULL),(571,60,32,0.758555630,NULL),(572,60,1,0.296691480,NULL),(573,60,9,0.189411890,NULL),(574,60,33,0.465896770,NULL),(575,60,8,0.643136860,NULL),(576,60,4,0.484355220,NULL),(577,60,2,0.504372310,NULL),(578,61,41,0.418247310,NULL),(579,61,39,0.699778190,NULL),(580,61,27,0.857723020,NULL),(581,61,2,0.424355960,NULL),(582,61,33,0.360956470,NULL),(583,61,4,0.345855800,NULL),(584,61,11,0.345930990,NULL),(585,61,3,0.379582100,NULL),(586,62,41,0.304255310,NULL),(587,62,19,0.672042500,NULL),(588,62,21,0.845045650,NULL),(589,62,32,0.877562000,NULL),(590,62,3,0.643594290,NULL),(591,62,2,0.550211740,NULL),(592,62,8,0.400915590,NULL),(593,62,33,0.410764110,NULL),(594,62,5,0.556494560,NULL),(595,62,1,0.539015940,NULL),(596,63,23,0.402948570,NULL),(597,63,20,0.305402910,NULL),(598,63,21,0.534749330,NULL),(599,63,7,0.834948990,NULL),(600,63,32,0.607346360,NULL),(601,63,11,0.175853340,NULL),(602,63,34,0.562685450,NULL),(603,63,4,0.614846910,NULL),(604,63,5,0.316109580,NULL),(605,63,2,0.223303160,NULL),(606,63,3,0.657417570,NULL),(607,64,23,0.499750790,NULL),(608,64,20,0.470238200,NULL),(609,64,21,0.819314840,NULL),(610,64,27,0.803392430,NULL),(611,64,1,0.707892000,NULL),(612,64,9,0.511774270,NULL),(613,64,34,0.479812200,NULL),(614,64,33,0.476063350,NULL),(615,64,8,0.503477110,NULL),(616,64,4,0.371517960,NULL),(617,65,41,0.266281000,NULL),(618,65,22,0.660509130,NULL),(619,65,7,0.732406590,NULL),(620,65,5,0.415281470,NULL),(621,65,4,0.350032590,NULL),(622,65,8,0.492086830,NULL),(623,65,11,0.463138960,NULL),(624,65,1,0.645947690,NULL),(625,66,40,0.601666580,NULL),(626,66,22,0.437955440,NULL),(627,66,7,0.454927550,NULL),(628,66,4,0.295289220,NULL),(629,66,11,0.163148760,NULL),(630,66,3,0.431709050,NULL),(631,66,9,0.556912180,NULL),(632,66,33,0.481880360,NULL),(633,66,2,0.720306220,NULL),(634,66,34,0.798221750,NULL),(635,67,40,0.444527690,NULL),(636,67,22,0.620447500,NULL),(637,67,32,0.814885560,NULL),(638,67,9,0.381985010,NULL),(639,67,34,0.504281780,NULL),(640,67,5,0.488150700,NULL),(641,67,4,0.558573730,NULL),(642,67,3,0.535102000,NULL),(643,67,8,0.855091770,NULL),(644,67,2,0.182628990,NULL),(645,68,41,0.543578670,NULL),(646,68,38,0.693331110,NULL),(647,68,7,0.874305030,NULL),(648,68,8,0.235184820,NULL),(649,68,4,0.485359710,NULL),(650,68,11,0.541462080,NULL),(651,68,1,0.450771540,NULL),(652,68,2,0.647716610,NULL),(653,69,23,0.516129430,NULL),(654,69,38,0.507145470,NULL),(655,69,41,0.300556370,NULL),(656,69,20,0.294724340,NULL),(657,69,21,0.589172120,NULL),(658,69,19,0.418712330,NULL),(659,69,7,0.866025050,NULL),(660,69,8,0.269562490,NULL),(661,69,4,0.230514860,NULL),(662,69,33,0.480008500,NULL),(663,69,9,0.587912080,NULL),(664,69,11,0.607848440,NULL),(665,69,3,0.692850530,NULL),(666,70,23,0.629800770,NULL),(667,70,19,0.587010650,NULL),(668,70,21,0.837933700,NULL),(669,70,27,0.785361940,NULL),(670,70,5,0.585199000,NULL),(671,70,8,0.443173220,NULL),(672,70,1,0.771747310,NULL),(673,70,11,0.278511880,NULL),(674,70,9,0.442789630,NULL),(675,70,3,0.508357300,NULL),(676,71,23,0.755713080,NULL),(677,71,38,0.684053640,NULL),(678,71,28,0.754274040,NULL),(679,71,11,0.469507400,NULL),(680,71,3,0.495972360,NULL),(681,71,33,0.502783190,NULL),(682,71,4,0.411239070,NULL),(683,71,5,0.470875430,NULL),(684,72,40,0.418674850,NULL),(685,72,20,0.790084600,NULL),(686,72,21,0.472613540,NULL),(687,72,29,0.578370290,NULL),(688,72,4,0.302289680,NULL),(689,72,8,0.437693810,NULL),(690,72,11,0.527627950,NULL),(691,72,2,0.645305070,NULL),(692,73,23,0.761782690,NULL),(693,73,19,0.629613240,NULL),(694,73,21,0.786000100,NULL),(695,73,7,0.744272730,NULL),(696,73,33,0.328487150,NULL),(697,73,5,0.530711490,NULL),(698,73,34,0.390199660,NULL),(699,73,8,0.517056960,NULL),(700,73,3,0.555753360,NULL),(701,73,1,0.774855390,NULL),(702,74,23,0.235236440,NULL),(703,74,19,0.583701800,NULL),(704,74,21,0.436126650,NULL),(705,74,41,0.743936760,NULL),(706,74,22,0.744823830,NULL),(707,74,28,0.801985700,NULL),(708,74,33,0.396998820,NULL),(709,74,8,0.504169970,NULL),(710,74,2,0.385803940,NULL),(711,74,3,0.442886360,NULL),(712,74,4,0.615993280,NULL),(713,75,41,0.658372640,NULL),(714,75,19,0.411042510,NULL),(715,75,21,0.613178390,NULL),(716,75,7,0.686905690,NULL),(717,75,33,0.616639790,NULL),(718,75,11,0.385013810,NULL),(719,75,8,0.589384250,NULL),(720,75,1,0.700608670,NULL),(721,75,9,0.804613270,NULL),(722,76,23,0.480657960,NULL),(723,76,41,0.581251000,NULL),(724,76,39,0.403720710,NULL),(725,76,38,0.601879010,NULL),(726,76,28,0.876088290,NULL),(727,76,2,0.264858600,NULL),(728,76,9,0.774484680,NULL),(729,76,3,0.376039900,NULL),(730,76,34,0.201422750,NULL),(731,76,11,0.524133850,NULL),(732,76,4,0.365290530,NULL),(733,76,5,0.420208340,NULL),(734,77,41,0.760434830,NULL),(735,77,22,0.488609670,NULL),(736,77,32,0.630626630,NULL),(737,77,11,0.445581690,NULL),(738,77,34,0.486110050,NULL),(739,77,33,0.179492440,NULL),(740,77,2,0.349574950,NULL),(741,77,8,0.339284960,NULL),(742,78,40,0.708099960,NULL),(743,78,19,0.702894450,NULL),(744,78,21,0.392154930,NULL),(745,78,32,0.666887180,NULL),(746,78,4,0.311259370,NULL),(747,78,34,0.366398210,NULL),(748,78,5,0.483383800,NULL),(749,78,33,0.479261430,NULL),(750,78,8,0.885518310,NULL),(751,79,40,0.555032130,NULL),(752,79,38,0.545561610,NULL),(753,79,7,0.758070920,NULL),(754,79,3,0.289116150,NULL),(755,79,2,0.794409580,NULL),(756,79,1,0.219103980,NULL),(757,79,11,0.573434340,NULL),(758,79,5,0.474523840,NULL),(759,79,34,0.245427350,NULL),(760,80,23,0.207798020,NULL),(761,80,22,0.666379680,NULL),(762,80,32,0.458164420,NULL),(763,80,8,0.660395160,NULL),(764,80,1,0.609508060,NULL),(765,80,34,0.483799430,NULL),(766,80,2,0.542668980,NULL),(767,80,11,0.468046370,NULL),(768,80,4,0.619350640,NULL),(769,81,41,0.702354380,NULL),(770,81,22,0.722792570,NULL),(771,81,27,0.862993010,NULL),(772,81,1,0.291400900,NULL),(773,81,8,0.155351240,NULL),(774,81,5,0.629386230,NULL),(775,81,33,0.491922040,NULL),(776,81,2,0.206003050,NULL),(777,81,9,0.748557710,NULL),(778,82,41,0.167908440,NULL),(779,82,19,0.531632050,NULL),(780,82,21,0.805440360,NULL),(781,82,32,0.347669070,NULL),(782,82,1,0.329785810,NULL),(783,82,5,0.783036940,NULL),(784,82,9,0.673937130,NULL),(785,82,8,0.311421780,NULL),(786,82,4,0.498934490,NULL),(787,82,2,0.546866160,NULL),(788,82,34,0.122474630,NULL),(789,83,41,0.676550710,NULL),(790,83,20,0.660274810,NULL),(791,83,21,0.774637290,NULL),(792,83,29,0.823662010,NULL),(793,83,8,0.256825510,NULL),(794,83,5,0.285354840,NULL),(795,83,3,0.187694560,NULL),(796,83,9,0.512026160,NULL),(797,83,2,0.357030300,NULL),(798,83,11,0.409831050,NULL),(799,84,41,0.748823860,NULL),(800,84,22,0.634452260,NULL),(801,84,32,0.553759370,NULL),(802,84,8,0.464618590,NULL),(803,84,33,0.478240070,NULL),(804,84,4,0.372964090,NULL),(805,84,9,0.488831860,NULL),(806,84,3,0.395936280,NULL),(807,84,5,0.764565730,NULL),(808,84,2,0.449320710,NULL),(809,84,34,0.741145940,NULL),(810,85,41,0.584743140,NULL),(811,85,22,0.428622660,NULL),(812,85,32,0.755961420,NULL),(813,85,1,0.272718260,NULL),(814,85,33,0.484951910,NULL),(815,85,34,0.318066640,NULL),(816,85,9,0.621968540,NULL),(817,85,3,0.621903090,NULL),(818,86,23,0.607073210,NULL),(819,86,38,0.522577350,NULL),(820,86,28,0.791170640,NULL),(821,86,4,0.661121000,NULL),(822,86,8,0.294714890,NULL),(823,86,9,0.467063680,NULL),(824,86,33,0.355077210,NULL),(825,86,34,0.546047090,NULL),(826,86,3,0.588865870,NULL),(827,86,5,0.715701760,NULL),(828,87,23,0.600676110,NULL),(829,87,19,0.567184790,NULL),(830,87,21,0.506682890,NULL),(831,87,27,0.669544810,NULL),(832,87,4,0.584769920,NULL),(833,87,33,0.773815760,NULL),(834,87,2,0.606723560,NULL),(835,87,34,0.400887510,NULL),(836,87,1,0.187813540,NULL),(837,88,41,0.720432270,NULL),(838,88,22,0.412305140,NULL),(839,88,7,0.301991090,NULL),(840,88,3,0.401410400,NULL),(841,88,5,0.578180550,NULL),(842,88,33,0.658269980,NULL),(843,88,1,0.275153930,NULL),(844,88,34,0.692463450,NULL),(845,88,4,0.572634030,NULL),(846,89,40,0.483863040,NULL),(847,89,19,0.522041860,NULL),(848,89,21,0.613243820,NULL),(849,89,28,0.874827510,NULL),(850,89,3,0.355455360,NULL),(851,89,34,0.477151170,NULL),(852,89,2,0.691253170,NULL),(853,89,11,0.274807090,NULL),(854,89,33,0.490661810,NULL),(855,89,1,0.873493930,NULL),(856,90,41,0.670463200,NULL),(857,90,38,0.414272450,NULL),(858,90,27,0.800737010,NULL),(859,90,8,0.673621450,NULL),(860,90,2,0.349169190,NULL),(861,90,33,0.414439580,NULL),(862,90,34,0.725146350,NULL),(863,90,4,0.602809030,NULL),(864,90,3,0.595056500,NULL),(865,91,41,0.684641060,NULL),(866,91,19,0.676886700,NULL),(867,91,21,0.561463860,NULL),(868,91,26,0.847491350,NULL),(869,91,5,0.606749730,NULL),(870,91,34,0.157819960,NULL),(871,91,3,0.368853640,NULL),(872,91,2,0.340825270,NULL),(873,91,9,0.478387370,NULL),(874,91,33,0.497227880,NULL),(875,91,11,0.706927010,NULL),(876,92,40,0.430081880,NULL),(877,92,39,0.759629440,NULL),(878,92,28,0.682403750,NULL),(879,92,33,0.936184270,NULL),(880,92,9,0.526238070,NULL),(881,92,8,0.442663090,NULL),(882,92,3,0.580956090,NULL),(883,92,1,0.619242480,NULL),(884,92,2,0.847678680,NULL),(885,93,23,0.631885800,NULL),(886,93,22,0.404785780,NULL),(887,93,28,0.700002600,NULL),(888,93,8,0.486028170,NULL),(889,93,4,0.768494510,NULL),(890,93,5,0.496644880,NULL),(891,93,3,0.536023800,NULL),(892,93,2,0.847775100,NULL),(893,94,41,0.647401650,NULL),(894,94,38,0.480617510,NULL),(895,94,26,0.692157830,NULL),(896,94,4,0.474152150,NULL),(897,94,1,0.607056020,NULL),(898,94,2,0.548233280,NULL),(899,94,3,0.276674310,NULL),(900,94,33,0.609727230,NULL),(901,95,23,0.614533110,NULL),(902,95,19,0.794657140,NULL),(903,95,21,0.650042860,NULL),(904,95,32,0.817431590,NULL),(905,95,9,0.313083900,NULL),(906,95,4,0.447692820,NULL),(907,95,33,0.351090590,NULL),(908,95,2,0.715184090,NULL),(909,95,3,0.751063150,NULL),(910,95,5,0.527254300,NULL),(911,96,40,0.579842830,NULL),(912,96,22,0.308834550,NULL),(913,96,29,0.374148450,NULL),(914,96,8,0.665300540,NULL),(915,96,11,0.384093820,NULL),(916,96,9,0.467868810,NULL),(917,96,5,0.654464950,NULL),(918,96,34,0.522297840,NULL),(919,96,2,0.618713690,NULL),(920,96,3,0.663889240,NULL),(921,97,41,0.465178840,NULL),(922,97,39,0.605831710,NULL),(923,97,29,0.863385490,NULL),(924,97,5,0.329633120,NULL),(925,97,34,0.195962470,NULL),(926,97,11,0.447580390,NULL),(927,97,2,0.780344110,NULL),(928,97,33,0.674003880,NULL),(929,98,41,0.474713060,NULL),(930,98,19,0.568105960,NULL),(931,98,21,0.419902760,NULL),(932,98,29,0.898083470,NULL),(933,98,2,0.382483760,NULL),(934,98,1,0.699156830,NULL),(935,98,5,0.240353110,NULL),(936,98,3,0.567156680,NULL),(937,98,11,0.256413210,NULL),(938,98,4,0.474417710,NULL),(939,99,40,0.597640460,NULL),(940,99,19,0.797756360,NULL),(941,99,21,0.734454370,NULL),(942,99,26,0.884596060,NULL),(943,99,3,0.333909370,NULL),(944,99,1,0.205771260,NULL),(945,99,33,0.280352480,NULL),(946,99,8,0.733841240,NULL),(947,99,9,0.576968880,NULL),(948,100,23,0.584175470,NULL),(949,100,20,0.612002120,NULL),(950,100,21,0.794684460,NULL),(951,100,28,0.508761810,NULL),(952,100,4,0.471953160,NULL),(953,100,5,0.298364150,NULL),(954,100,34,0.575689230,NULL),(955,100,8,0.398626270,NULL),(956,100,33,0.435229810,NULL),(957,100,11,0.478264270,NULL),(958,100,9,0.579307730,NULL),(959,101,41,0.726838680,NULL),(960,101,19,0.502820100,NULL),(961,101,21,0.791969400,NULL),(962,101,32,0.569258150,NULL),(963,101,5,0.617950200,NULL),(964,101,1,0.396509910,NULL),(965,101,8,0.415484630,NULL),(966,101,3,0.549816060,NULL),(967,101,33,0.639214510,NULL),(968,101,4,0.638354500,NULL),(969,102,40,0.734233230,NULL),(970,102,38,0.636308650,NULL),(971,102,26,0.317438870,NULL),(972,102,11,0.172707560,NULL),(973,102,4,0.375463780,NULL),(974,102,34,0.354553990,NULL),(975,102,9,0.631542990,NULL),(976,102,2,0.670208940,NULL),(977,103,40,0.598105030,NULL),(978,103,38,0.526026510,NULL),(979,103,28,0.765105830,NULL),(980,103,33,0.322618950,NULL),(981,103,5,0.647106060,NULL),(982,103,8,0.413117450,NULL),(983,103,3,0.298646130,NULL),(984,103,1,0.471802520,NULL),(985,103,2,0.446537310,NULL),(986,104,41,0.460324250,NULL),(987,104,19,0.699615440,NULL),(988,104,21,0.335457580,NULL),(989,104,27,0.419275810,NULL),(990,104,9,0.416654480,NULL),(991,104,4,0.398955490,NULL),(992,104,1,0.347303020,NULL),(993,104,5,0.564775490,NULL),(994,104,33,0.690814390,NULL),(995,104,3,0.409193570,NULL),(996,105,23,0.648459990,NULL),(997,105,38,0.533722680,NULL),(998,105,32,0.389117610,NULL),(999,105,4,0.657564540,NULL),(1000,105,34,0.643294210,NULL),(1001,105,9,0.429303830,NULL),(1002,106,41,0.736997170,NULL),(1003,106,19,0.711250580,NULL),(1004,106,21,0.291054740,NULL),(1005,106,26,0.788497550,NULL),(1006,106,8,0.303262680,NULL),(1007,106,11,0.506609270,NULL),(1008,106,5,0.345785750,NULL),(1009,106,2,0.424464230,NULL),(1010,106,9,0.565661770,NULL),(1011,106,34,0.265852870,NULL),(1012,107,40,0.350019950,NULL),(1013,107,22,0.427263820,NULL),(1014,107,29,0.511191990,NULL),(1015,107,11,0.718988860,NULL),(1016,107,3,0.550613510,NULL),(1017,107,8,0.484270000,NULL),(1018,107,33,0.434060950,NULL),(1019,107,2,0.329383500,NULL),(1020,107,4,0.633431260,NULL),(1021,108,23,0.608012300,NULL),(1022,108,20,0.221469710,NULL),(1023,108,21,0.499352320,NULL),(1024,108,29,0.499513570,NULL),(1025,108,4,0.273849020,NULL),(1026,108,33,0.411736680,NULL),(1027,108,9,0.470177560,NULL),(1028,108,34,0.729080110,NULL),(1029,108,5,0.517164090,NULL),(1030,108,11,0.615349260,NULL),(1031,109,41,0.499252900,NULL),(1032,109,39,0.510014910,NULL),(1033,109,27,0.468274710,NULL),(1034,109,11,0.479957110,NULL),(1035,109,34,0.317659980,NULL),(1036,109,5,0.729069930,NULL),(1037,109,4,0.845806930,NULL),(1038,109,33,0.626175270,NULL),(1039,110,40,0.653025390,NULL),(1040,110,22,0.721839370,NULL),(1041,110,7,0.659701270,NULL),(1042,110,2,0.141101960,NULL),(1043,110,33,0.314707110,NULL),(1044,110,34,0.487235460,NULL),(1045,110,1,0.252852250,NULL),(1046,110,8,0.152512340,NULL),(1047,110,3,0.624605990,NULL),(1048,110,9,0.634422920,NULL),(1049,110,5,0.505184990,NULL),(1050,111,23,0.667537110,NULL),(1051,111,39,0.596082320,NULL),(1052,111,29,0.783461020,NULL),(1053,111,34,0.815503270,NULL),(1054,111,8,0.459702140,NULL),(1055,111,33,0.830118180,NULL),(1056,111,3,0.500310520,NULL),(1057,112,41,0.622169390,NULL),(1058,112,22,0.690016880,NULL),(1059,112,32,0.754091410,NULL),(1060,112,3,0.288247710,NULL),(1061,112,4,0.687462750,NULL),(1062,112,5,0.472620910,NULL),(1063,112,11,0.560315250,NULL),(1064,113,41,0.645666250,NULL),(1065,113,19,0.578278660,NULL),(1066,113,21,0.705157170,NULL),(1067,113,28,0.257411600,NULL),(1068,113,9,0.376468600,NULL),(1069,113,33,0.300199730,NULL),(1070,113,1,0.394374200,NULL),(1071,113,2,0.456074730,NULL),(1072,113,11,0.741979660,NULL),(1073,114,23,0.487021080,NULL),(1074,114,22,0.558933240,NULL),(1075,114,32,0.213851440,NULL),(1076,114,4,0.758347450,NULL),(1077,114,3,0.363232500,NULL),(1078,114,34,0.170185240,NULL),(1079,114,5,0.487644330,NULL),(1080,114,11,0.591902080,NULL),(1081,115,40,0.517984510,NULL),(1082,115,20,0.645090300,NULL),(1083,115,21,0.760533340,NULL),(1084,115,28,0.750871790,NULL),(1085,115,11,0.304111500,NULL),(1086,115,34,0.533270310,NULL),(1087,115,9,0.527789450,NULL),(1088,115,33,0.763202210,NULL),(1089,115,2,0.556595340,NULL),(1090,116,41,0.608476640,NULL),(1091,116,38,0.518691330,NULL),(1092,116,7,0.781320550,NULL),(1093,116,33,0.259267250,NULL),(1094,116,2,0.413703900,NULL),(1095,116,11,0.399276920,NULL),(1096,116,3,0.258607880,NULL),(1097,116,1,0.235865820,NULL),(1098,116,8,0.305701280,NULL),(1099,117,41,0.179162670,NULL),(1100,117,38,0.544991010,NULL),(1101,117,28,0.806251540,NULL),(1102,117,8,0.166456990,NULL),(1103,117,33,0.674668270,NULL),(1104,117,1,0.452407980,NULL),(1105,117,9,0.545639520,NULL),(1106,117,5,0.661321660,NULL),(1107,118,41,0.484680070,NULL),(1108,118,39,0.774875050,NULL),(1109,118,29,0.850473340,NULL),(1110,118,1,0.458481860,NULL),(1111,118,5,0.267890300,NULL),(1112,118,34,0.435355030,NULL),(1113,118,11,0.341447300,NULL),(1114,118,4,0.580393170,NULL),(1115,118,3,0.840437100,NULL),(1116,119,23,0.483267320,NULL),(1117,119,22,0.648824290,NULL),(1118,119,32,0.784204040,NULL),(1119,119,3,0.173626180,NULL),(1120,119,5,0.384514040,NULL),(1121,119,2,0.244555520,NULL),(1122,119,8,0.208253310,NULL),(1123,119,11,0.634591780,NULL),(1124,119,4,0.515774760,NULL),(1125,119,9,0.431262380,NULL),(1126,120,41,0.526369480,NULL),(1127,120,39,0.701111650,NULL),(1128,120,27,0.274440740,NULL),(1129,120,33,0.368087060,NULL),(1130,120,34,0.412129920,NULL),(1131,120,4,0.360106660,NULL),(1132,120,3,0.533738180,NULL),(1133,120,9,0.588920080,NULL),(1134,120,11,0.668436930,NULL),(1135,121,41,0.702291010,NULL),(1136,121,38,0.542196970,NULL),(1137,121,29,0.755882700,NULL),(1138,121,7,0.719223430,NULL),(1139,121,1,0.329587900,NULL),(1140,121,8,0.426419210,NULL),(1141,121,4,0.290725060,NULL),(1142,121,3,0.448004450,NULL),(1143,121,34,0.583465760,NULL),(1144,121,9,0.492332150,NULL),(1145,122,40,0.637299630,NULL),(1146,122,20,0.207105240,NULL),(1147,122,21,0.428774820,NULL),(1148,122,26,0.334440710,NULL),(1149,122,11,0.383599330,NULL),(1150,122,2,0.505013580,NULL),(1151,122,8,0.345300720,NULL),(1152,122,3,0.441145850,NULL),(1153,122,34,0.541410970,NULL),(1154,122,4,0.232565110,NULL),(1155,123,23,0.610632720,NULL),(1156,123,20,0.487378650,NULL),(1157,123,21,0.797335780,NULL),(1158,123,28,0.830440600,NULL),(1159,123,8,0.512041500,NULL),(1160,123,9,0.294335350,NULL),(1161,123,3,0.208374920,NULL),(1162,123,4,0.433239770,NULL),(1163,123,2,0.692413490,NULL),(1164,123,34,0.406156210,NULL),(1165,124,23,0.231747380,NULL),(1166,124,19,0.729050930,NULL),(1167,124,21,0.446530090,NULL),(1168,124,32,0.426988280,NULL),(1169,124,28,0.664269200,NULL),(1170,124,26,0.659195820,NULL),(1171,124,33,0.117595490,NULL),(1172,124,3,0.322874850,NULL),(1173,124,2,0.349817580,NULL),(1174,124,11,0.641938330,NULL),(1175,124,9,0.376822080,NULL),(1176,124,5,0.504027350,NULL),(1177,124,34,0.601579740,NULL),(1178,125,23,0.713842050,NULL),(1179,125,39,0.585522030,NULL),(1180,125,7,0.883994170,NULL),(1181,125,8,0.143951300,NULL),(1182,125,3,0.281235850,NULL),(1183,125,4,0.369901930,NULL),(1184,125,5,0.547088660,NULL),(1185,125,11,0.309215850,NULL),(1186,125,34,0.481562070,NULL),(1187,125,1,0.664322620,NULL),(1188,126,40,0.733476560,NULL),(1189,126,20,0.689859330,NULL),(1190,126,21,0.141279510,NULL),(1191,126,28,0.662407650,NULL),(1192,126,9,0.311499610,NULL),(1193,126,2,0.310621800,NULL),(1194,126,33,0.304819230,NULL),(1195,126,34,0.221181150,NULL),(1196,126,11,0.659103040,NULL),(1197,126,4,0.775656100,NULL),(1198,127,40,0.672900920,NULL),(1199,127,19,0.622580620,NULL),(1200,127,21,0.571843730,NULL),(1201,127,28,0.653831630,NULL),(1202,127,9,0.493756550,NULL),(1203,127,2,0.245339940,NULL),(1204,127,11,0.480522660,NULL),(1205,127,1,0.436399050,NULL),(1206,127,34,0.409311110,NULL),(1207,127,4,0.744775040,NULL),(1208,127,5,0.474007590,NULL),(1209,128,40,0.671974950,NULL),(1210,128,22,0.676464600,NULL),(1211,128,26,0.365976510,NULL),(1212,128,11,0.570993410,NULL),(1213,128,8,0.607018690,NULL),(1214,128,1,0.589866220,NULL),(1215,128,4,0.649724760,NULL),(1216,129,41,0.434756270,NULL),(1217,129,20,0.573307200,NULL),(1218,129,21,0.405935390,NULL),(1219,129,7,0.690173610,NULL),(1220,129,11,0.365950720,NULL),(1221,129,9,0.590562830,NULL),(1222,129,5,0.456310480,NULL),(1223,129,4,0.541662450,NULL),(1224,129,34,0.264345800,NULL),(1225,129,33,0.759258430,NULL),(1226,129,8,0.802198100,NULL),(1227,130,40,0.449078370,NULL),(1228,130,38,0.622982890,NULL),(1229,130,7,0.820163770,NULL),(1230,130,5,0.326034820,NULL),(1231,130,11,0.209417200,NULL),(1232,130,8,0.788997960,NULL),(1233,130,1,0.564922320,NULL),(1234,130,2,0.663407300,NULL),(1235,130,4,0.615062170,NULL),(1236,131,23,0.649026120,NULL),(1237,131,22,0.521609370,NULL),(1238,131,29,0.800139130,NULL),(1239,131,28,0.544113220,NULL),(1240,131,9,0.265522450,NULL),(1241,131,4,0.610685530,NULL),(1242,131,33,0.425735020,NULL),(1243,131,1,0.534806750,NULL),(1244,131,5,0.417050860,NULL),(1245,131,8,0.676019810,NULL),(1246,132,23,0.348228640,NULL),(1247,132,19,0.722264100,NULL),(1248,132,21,0.853539530,NULL),(1249,132,27,0.809787320,NULL),(1250,132,8,0.330630000,NULL),(1251,132,33,0.394278410,NULL),(1252,132,9,0.447300650,NULL),(1253,132,2,0.407288150,NULL),(1254,132,1,0.547833110,NULL),(1255,133,41,0.725472590,NULL),(1256,133,19,0.697665630,NULL),(1257,133,21,0.835977680,NULL),(1258,133,28,0.417613540,NULL),(1259,133,1,0.248462150,NULL),(1260,133,5,0.455149580,NULL),(1261,133,9,0.448661630,NULL),(1262,133,33,0.539803950,NULL),(1263,133,8,0.318518640,NULL),(1264,133,34,0.395300810,NULL),(1265,133,4,0.666944120,NULL),(1266,134,23,0.283740760,NULL),(1267,134,19,0.743124220,NULL),(1268,134,21,0.697255270,NULL),(1269,134,28,0.565755620,NULL),(1270,134,1,0.163198000,NULL),(1271,134,33,0.542860500,NULL),(1272,134,11,0.538327310,NULL),(1273,134,4,0.437257940,NULL),(1274,134,5,0.449368880,NULL),(1275,134,34,0.865969010,NULL),(1276,135,23,0.551330740,NULL),(1277,135,38,0.743224540,NULL),(1278,135,32,0.608692530,NULL),(1279,135,9,0.292115280,NULL),(1280,135,4,0.831374520,NULL),(1281,135,33,0.854531440,NULL),(1282,135,1,0.263242600,NULL),(1283,135,2,0.417372850,NULL),(1284,135,11,0.484432380,NULL),(1285,135,5,0.330469160,NULL),(1286,136,23,0.326045890,NULL),(1287,136,38,0.538682030,NULL),(1288,136,40,0.561791040,NULL),(1289,136,41,0.571526180,NULL),(1290,136,39,0.820829730,NULL),(1291,136,7,0.414947230,NULL),(1292,136,3,0.264012720,NULL),(1293,136,1,0.590435680,NULL),(1294,136,4,0.547141630,NULL),(1295,136,9,0.468752730,NULL),(1296,136,8,0.382908700,NULL),(1297,137,41,0.331982300,NULL),(1298,137,22,0.661803230,NULL),(1299,137,32,0.731084990,NULL),(1300,137,33,0.320914430,NULL),(1301,137,9,0.567120910,NULL),(1302,137,1,0.274933410,NULL),(1303,137,4,0.484525500,NULL),(1304,137,2,0.460912190,NULL),(1305,137,11,0.765979040,NULL),(1306,138,23,0.321990240,NULL),(1307,138,39,0.704116790,NULL),(1308,138,27,0.893474160,NULL),(1309,138,4,0.589000100,NULL),(1310,138,33,0.458387400,NULL),(1311,138,8,0.317190400,NULL),(1312,138,34,0.409800860,NULL),(1313,138,3,0.310670320,NULL),(1314,138,5,0.337869520,NULL),(1315,138,2,0.335267430,NULL),(1316,139,40,0.370436830,NULL),(1317,139,39,0.822614710,NULL),(1318,139,29,0.577247950,NULL),(1319,139,9,0.364994800,NULL),(1320,139,33,0.237199160,NULL),(1321,139,11,0.357316210,NULL),(1322,139,2,0.242094530,NULL),(1323,139,8,0.696634850,NULL),(1324,139,3,0.646936100,NULL),(1325,139,34,0.514178150,NULL),(1326,139,4,0.605636920,NULL),(1327,140,23,0.291937460,NULL),(1328,140,22,0.655854930,NULL),(1329,140,32,0.806734480,NULL),(1330,140,1,0.322853710,NULL),(1331,140,3,0.250110280,NULL),(1332,140,5,0.307275750,NULL),(1333,140,4,0.465416270,NULL),(1334,140,9,0.286639300,NULL),(1335,140,11,0.363600430,NULL),(1336,141,23,0.556320220,NULL),(1337,141,20,0.440870980,NULL),(1338,141,21,0.842971810,NULL),(1339,141,32,0.153086000,NULL),(1340,141,2,0.258653530,NULL),(1341,141,33,0.350172330,NULL),(1342,141,3,0.729887180,NULL),(1343,141,11,0.355227890,NULL),(1344,141,1,0.504752360,NULL),(1345,141,9,0.481608970,NULL),(1346,141,34,0.768409370,NULL),(1347,142,41,0.571093070,NULL),(1348,142,39,0.680654240,NULL),(1349,142,26,0.753458520,NULL),(1350,142,2,0.391982420,NULL),(1351,142,1,0.534453430,NULL),(1352,142,34,0.511308500,NULL),(1353,142,33,0.604915390,NULL),(1354,142,8,0.673595420,NULL),(1355,142,9,0.515238650,NULL),(1356,143,41,0.333511950,NULL),(1357,143,39,0.557855780,NULL),(1358,143,23,0.355515830,NULL),(1359,143,38,0.560610820,NULL),(1360,143,40,0.453184670,NULL),(1361,143,22,0.598951000,NULL),(1362,143,26,0.226185480,NULL),(1363,143,1,0.361595850,NULL),(1364,143,4,0.383717320,NULL),(1365,143,8,0.308551380,NULL),(1366,143,11,0.467209270,NULL),(1367,143,34,0.472800670,NULL),(1368,143,2,0.641658670,NULL),(1369,143,3,0.854053970,NULL),(1370,144,23,0.563217020,NULL),(1371,144,22,0.594604150,NULL),(1372,144,26,0.392704770,NULL),(1373,144,3,0.343240850,NULL),(1374,144,9,0.351292900,NULL),(1375,144,33,0.467668510,NULL),(1376,144,2,0.618598190,NULL),(1377,144,8,0.476722920,NULL),(1378,145,40,0.641260530,NULL),(1379,145,20,0.398189070,NULL),(1380,145,21,0.802952200,NULL),(1381,145,27,0.756371880,NULL),(1382,145,2,0.342831910,NULL),(1383,145,1,0.551308890,NULL),(1384,145,3,0.292084240,NULL),(1385,145,9,0.682391810,NULL),(1386,145,8,0.421947050,NULL),(1387,145,33,0.647270600,NULL),(1388,146,40,0.562222850,NULL),(1389,146,20,0.761570420,NULL),(1390,146,21,0.355893470,NULL),(1391,146,32,0.788335270,NULL),(1392,146,33,0.609851150,NULL),(1393,146,9,0.500813320,NULL),(1394,146,8,0.612882310,NULL),(1395,146,1,0.358068270,NULL),(1396,147,23,0.748005080,NULL),(1397,147,39,0.597546780,NULL),(1398,147,29,0.589687120,NULL),(1399,147,9,0.291059090,NULL),(1400,147,33,0.182151820,NULL),(1401,147,2,0.476488910,NULL),(1402,147,34,0.308036320,NULL),(1403,147,11,0.410420280,NULL),(1404,147,5,0.310138220,NULL),(1405,148,41,0.719374560,NULL),(1406,148,19,0.751892870,NULL),(1407,148,21,0.599151740,NULL),(1408,148,26,0.640968430,NULL),(1409,148,9,0.652161520,NULL),(1410,148,5,0.303217370,NULL),(1411,148,11,0.370289300,NULL),(1412,148,2,0.696344510,NULL),(1413,148,33,0.385585750,NULL),(1414,149,23,0.645100160,NULL),(1415,149,22,0.612566530,NULL),(1416,149,26,0.634455150,NULL),(1417,149,3,0.933359180,NULL),(1418,149,5,0.383891410,NULL),(1419,149,34,0.542809030,NULL),(1420,149,8,0.592554750,NULL),(1421,149,2,0.131348420,NULL),(1422,150,23,0.634930800,NULL),(1423,150,22,0.326851290,NULL),(1424,150,39,0.764720700,NULL),(1425,150,32,0.888148720,NULL),(1426,150,3,0.513602210,NULL),(1427,150,2,0.292655490,NULL),(1428,150,5,0.345034040,NULL),(1429,150,1,0.853219490,NULL),(1430,150,8,0.553273230,NULL),(1431,150,11,0.593322290,NULL),(1432,151,40,0.699513020,NULL),(1433,151,19,0.581367990,NULL),(1434,151,21,0.776443610,NULL),(1435,151,26,0.855666080,NULL),(1436,151,11,0.472688520,NULL),(1437,151,1,0.172409420,NULL),(1438,151,4,0.282105030,NULL),(1439,151,9,0.297256650,NULL),(1440,151,3,0.450447530,NULL),(1441,151,8,0.221331610,NULL),(1442,151,5,0.576749550,NULL),(1443,152,40,0.340238300,NULL),(1444,152,22,0.660415630,NULL),(1445,152,26,0.643738900,NULL),(1446,152,34,0.573847080,NULL),(1447,152,1,0.513853040,NULL),(1448,152,9,0.386234850,NULL),(1449,152,11,0.329676460,NULL),(1450,152,3,0.570358310,NULL),(1451,152,4,0.550024730,NULL),(1452,153,40,0.106445700,NULL),(1453,153,39,0.634868490,NULL),(1454,153,7,0.614976220,NULL),(1455,153,3,0.304235310,NULL),(1456,153,33,0.532140520,NULL),(1457,153,34,0.230682780,NULL),(1458,153,9,0.458034330,NULL),(1459,153,5,0.392241210,NULL),(1460,153,4,0.815238740,NULL),(1461,154,23,0.503711280,NULL),(1462,154,20,0.796684970,NULL),(1463,154,21,0.737921510,NULL),(1464,154,28,0.644689670,NULL),(1465,154,2,0.275836530,NULL),(1466,154,3,0.966179200,NULL),(1467,154,11,0.245812430,NULL),(1468,154,34,0.498200200,NULL),(1469,154,5,0.504912690,NULL),(1470,154,8,0.542862480,NULL),(1471,154,4,0.470437330,NULL),(1472,154,9,0.365315580,NULL),(1473,155,41,0.408816290,NULL),(1474,155,38,0.685389950,NULL),(1475,155,27,0.385930560,NULL),(1476,155,5,0.514351270,NULL),(1477,155,1,0.754116070,NULL),(1478,155,3,0.481361570,NULL),(1479,155,2,0.316412050,NULL),(1480,155,11,0.492151980,NULL),(1481,155,34,0.678138920,NULL),(1482,155,8,0.390649450,NULL),(1483,156,40,0.488475280,NULL),(1484,156,22,0.767102950,NULL),(1485,156,26,0.679225450,NULL),(1486,156,3,0.320427930,NULL),(1487,156,4,0.591562110,NULL),(1488,156,34,0.413723230,NULL),(1489,156,5,0.578963220,NULL),(1490,156,9,0.595324490,NULL),(1491,157,23,0.699428740,NULL),(1492,157,20,0.412036380,NULL),(1493,157,21,0.275380240,NULL),(1494,157,7,0.236172880,NULL),(1495,157,33,0.674577770,NULL),(1496,157,9,0.502287360,NULL),(1497,157,8,0.382427920,NULL),(1498,157,1,0.444415320,NULL),(1499,157,2,0.396280070,NULL),(1500,158,41,0.528480680,NULL),(1501,158,22,0.404819390,NULL),(1502,158,7,0.716817980,NULL),(1503,158,3,0.513042420,NULL),(1504,158,8,0.490748520,NULL),(1505,158,2,0.342735390,NULL),(1506,158,1,0.413928990,NULL),(1507,158,34,0.587804310,NULL),(1508,158,11,0.308786080,NULL),(1509,159,41,0.747738070,NULL),(1510,159,20,0.673750430,NULL),(1511,159,21,0.673694720,NULL),(1512,159,27,0.585477220,NULL),(1513,159,8,0.353883360,NULL),(1514,159,3,0.426722670,NULL),(1515,159,34,0.594834820,NULL),(1516,159,4,0.119333330,NULL),(1517,159,11,0.552119340,NULL),(1518,160,41,0.505299470,NULL),(1519,160,39,0.719185270,NULL),(1520,160,27,0.586912510,NULL),(1521,160,33,0.310392800,NULL),(1522,160,34,0.310352350,NULL),(1523,160,11,0.408828930,NULL),(1524,160,2,0.374225460,NULL),(1525,160,8,0.480849940,NULL),(1526,160,9,0.282106570,NULL),(1527,161,41,0.421335620,NULL),(1528,161,39,0.537500340,NULL),(1529,161,28,0.675978350,NULL),(1530,161,8,0.244276980,NULL),(1531,161,11,0.424856370,NULL),(1532,161,1,0.453416950,NULL),(1533,161,3,0.391088000,NULL),(1534,161,34,0.618944590,NULL),(1535,161,33,0.611331740,NULL),(1536,162,23,0.755574640,NULL),(1537,162,39,0.736814640,NULL),(1538,162,7,0.841645360,NULL),(1539,162,2,0.772442220,NULL),(1540,162,4,0.477175070,NULL),(1541,162,33,0.519687010,NULL),(1542,162,5,0.540950490,NULL),(1543,162,34,0.616103200,NULL),(1544,162,3,0.537616940,NULL),(1545,163,23,0.663832640,NULL),(1546,163,19,0.469814950,NULL),(1547,163,21,0.817334810,NULL),(1548,163,26,0.884560090,NULL),(1549,163,9,0.763262530,NULL),(1550,163,4,0.249966040,NULL),(1551,163,11,0.553778490,NULL),(1552,163,1,0.626513930,NULL),(1553,163,8,0.337902000,NULL),(1554,164,41,0.569062620,NULL),(1555,164,38,0.715632620,NULL),(1556,164,26,0.699756250,NULL),(1557,164,5,0.606846470,NULL),(1558,164,33,0.390917020,NULL),(1559,164,11,0.336443200,NULL),(1560,164,9,0.393909550,NULL),(1561,164,8,0.437755250,NULL),(1562,164,34,0.609449360,NULL),(1563,165,40,0.742500420,NULL),(1564,165,39,0.462470680,NULL),(1565,165,7,0.893403840,NULL),(1566,165,3,0.197141290,NULL),(1567,165,33,0.364595570,NULL),(1568,165,4,0.383090220,NULL),(1569,165,1,0.244156370,NULL),(1570,165,9,0.729758370,NULL),(1571,165,34,0.648187640,NULL),(1572,166,40,0.683498870,NULL),(1573,166,19,0.727887270,NULL),(1574,166,21,0.708074670,NULL),(1575,166,27,0.760462700,NULL),(1576,166,11,0.315082180,NULL),(1577,166,5,0.461777510,NULL),(1578,166,8,0.327469350,NULL),(1579,166,34,0.617680530,NULL),(1580,166,9,0.733929850,NULL),(1581,166,2,0.581834650,NULL),(1582,167,41,0.329835090,NULL),(1583,167,22,0.592444480,NULL),(1584,167,40,0.541148780,NULL),(1585,167,39,0.677915930,NULL),(1586,167,26,0.716755300,NULL),(1587,167,2,0.505983830,NULL),(1588,167,9,0.194917040,NULL),(1589,167,33,0.535944250,NULL),(1590,167,34,0.485188130,NULL),(1591,167,3,0.502966250,NULL),(1592,167,4,0.633532740,NULL),(1593,168,40,0.450047390,NULL),(1594,168,22,0.382125640,NULL),(1595,168,29,0.766594660,NULL),(1596,168,28,0.546184910,NULL),(1597,168,34,0.345114200,NULL),(1598,168,5,0.465442150,NULL),(1599,168,2,0.566104980,NULL),(1600,168,3,0.374626120,NULL),(1601,168,4,0.653718210,NULL),(1602,168,1,0.867004970,NULL),(1603,169,23,0.469485280,NULL),(1604,169,20,0.412654320,NULL),(1605,169,21,0.373736520,NULL),(1606,169,32,0.686195080,NULL),(1607,169,2,0.707513550,NULL),(1608,169,9,0.536668300,NULL),(1609,169,33,0.751765010,NULL),(1610,169,4,0.664565810,NULL),(1611,169,1,0.495367800,NULL),(1612,170,40,0.532749860,NULL),(1613,170,19,0.662074470,NULL),(1614,170,21,0.602174720,NULL),(1615,170,26,0.745577560,NULL),(1616,170,2,0.325420250,NULL),(1617,170,34,0.778780020,NULL),(1618,170,8,0.478096080,NULL),(1619,170,5,0.468355710,NULL),(1620,170,1,0.580993560,NULL),(1621,170,3,0.867523640,NULL),(1622,171,41,0.574470480,NULL),(1623,171,20,0.682213060,NULL),(1624,171,21,0.613611000,NULL),(1625,171,26,0.604051530,NULL),(1626,171,27,0.897941150,NULL),(1627,171,2,0.417673210,NULL),(1628,171,34,0.351774480,NULL),(1629,171,8,0.723441320,NULL),(1630,171,5,0.383772580,NULL),(1631,171,33,0.328521190,NULL),(1632,171,9,0.496398450,NULL),(1633,171,1,0.406420950,NULL),(1634,172,41,0.553021500,NULL),(1635,172,22,0.373903890,NULL),(1636,172,28,0.552764990,NULL),(1637,172,11,0.164790280,NULL),(1638,172,33,0.470787700,NULL),(1639,172,9,0.370364760,NULL),(1640,172,3,0.607111720,NULL),(1641,172,2,0.509510950,NULL),(1642,172,5,0.508480300,NULL),(1643,172,8,0.398780030,NULL),(1644,173,40,0.691584630,NULL),(1645,173,38,0.417459570,NULL),(1646,173,29,0.464954230,NULL),(1647,173,11,0.465748750,NULL),(1648,173,4,0.669126760,NULL),(1649,173,34,0.441043920,NULL),(1650,173,2,0.522032940,NULL),(1651,173,9,0.631964750,NULL),(1652,173,1,0.852096360,NULL),(1653,174,40,0.531964970,NULL),(1654,174,19,0.480890440,NULL),(1655,174,21,0.794053820,NULL),(1656,174,26,0.887485950,NULL),(1657,174,5,0.396043440,NULL),(1658,174,9,0.285523480,NULL),(1659,174,11,0.383644140,NULL),(1660,174,34,0.710313360,NULL),(1661,174,2,0.698568130,NULL),(1662,174,8,0.648734170,NULL),(1663,174,4,0.840065210,NULL),(1664,175,41,0.738872180,NULL),(1665,175,22,0.722151840,NULL),(1666,175,29,0.868393760,NULL),(1667,175,1,0.776431900,NULL),(1668,175,4,0.540019250,NULL),(1669,175,33,0.286283100,NULL),(1670,175,5,0.314150890,NULL),(1671,175,2,0.447774750,NULL),(1672,175,11,0.252823090,NULL),(1673,176,40,0.488281770,NULL),(1674,176,22,0.413217320,NULL),(1675,176,28,0.659284840,NULL),(1676,176,8,0.192441390,NULL),(1677,176,11,0.339602050,NULL),(1678,176,2,0.635585140,NULL),(1679,176,33,0.607649170,NULL),(1680,176,1,0.713409230,NULL),(1681,176,34,0.453389290,NULL),(1682,177,23,0.503161420,NULL),(1683,177,20,0.354163680,NULL),(1684,177,21,0.277688810,NULL),(1685,177,29,0.872415030,NULL),(1686,177,5,0.698633130,NULL),(1687,177,34,0.305988280,NULL),(1688,177,33,0.381404460,NULL),(1689,177,3,0.711901710,NULL),(1690,177,9,0.531333690,NULL),(1691,177,4,0.685066170,NULL),(1692,178,40,0.593162430,NULL),(1693,178,22,0.448144140,NULL),(1694,178,26,0.809186280,NULL),(1695,178,4,0.349770180,NULL),(1696,178,33,0.621048520,NULL),(1697,178,9,0.278325330,NULL),(1698,178,8,0.264602840,NULL),(1699,178,11,0.597396660,NULL),(1700,178,1,0.523694980,NULL),(1701,179,40,0.594014820,NULL),(1702,179,22,0.680614430,NULL),(1703,179,7,0.293723100,NULL),(1704,179,4,0.270515730,NULL),(1705,179,3,0.374301980,NULL),(1706,179,5,0.410239660,NULL),(1707,179,2,0.423698210,NULL),(1708,179,8,0.347259670,NULL),(1709,179,34,0.474025350,NULL),(1710,179,33,0.327540310,NULL),(1711,179,11,0.470496600,NULL),(1712,180,40,0.417333410,NULL),(1713,180,20,0.434818900,NULL),(1714,180,21,0.753340240,NULL),(1715,180,29,0.255354150,NULL),(1716,180,11,0.363013190,NULL),(1717,180,5,0.400281190,NULL),(1718,180,34,0.438464550,NULL),(1719,180,33,0.337517720,NULL),(1720,180,9,0.309302700,NULL),(1721,180,8,0.539998640,NULL),(1722,181,40,0.442141660,NULL),(1723,181,19,0.600927090,NULL),(1724,181,21,0.426880420,NULL),(1725,181,26,0.784219560,NULL),(1726,181,34,0.672951810,NULL),(1727,181,33,0.410913300,NULL),(1728,181,4,0.333774940,NULL),(1729,181,5,0.703761410,NULL),(1730,181,2,0.743295870,NULL),(1731,182,23,0.722126890,NULL),(1732,182,20,0.493413390,NULL),(1733,182,21,0.834665730,NULL),(1734,182,7,0.714132010,NULL),(1735,182,2,0.220471610,NULL),(1736,182,9,0.392334410,NULL),(1737,182,8,0.804282570,NULL),(1738,182,11,0.507238550,NULL),(1739,182,34,0.682751960,NULL),(1740,182,33,0.671207170,NULL),(1741,183,40,0.422952900,NULL),(1742,183,38,0.309824530,NULL),(1743,183,29,0.748535730,NULL),(1744,183,2,0.550957350,NULL),(1745,183,4,0.483479590,NULL),(1746,183,33,0.536550570,NULL),(1747,183,9,0.646488250,NULL),(1748,183,8,0.772533620,NULL),(1749,184,41,0.733561390,NULL),(1750,184,22,0.701178000,NULL),(1751,184,26,0.639918330,NULL),(1752,184,1,0.306867690,NULL),(1753,184,9,0.480959030,NULL),(1754,184,2,0.590265460,NULL),(1755,184,3,0.483797640,NULL),(1756,184,5,0.358193780,NULL),(1757,184,33,0.547911760,NULL),(1758,184,11,0.496061530,NULL),(1759,185,23,0.635972220,NULL),(1760,185,38,0.664764040,NULL),(1761,185,27,0.730589710,NULL),(1762,185,3,0.577246190,NULL),(1763,185,34,0.238776790,NULL),(1764,185,8,0.496462660,NULL),(1765,185,9,0.816627470,NULL),(1766,185,2,0.303423440,NULL),(1767,185,1,0.642134200,NULL),(1768,185,4,0.121865900,NULL),(1769,186,23,0.314380810,NULL),(1770,186,39,0.564795570,NULL),(1771,186,26,0.847322420,NULL),(1772,186,4,0.282267390,NULL),(1773,186,11,0.403592330,NULL),(1774,186,2,0.440731690,NULL),(1775,186,9,0.805460930,NULL),(1776,186,8,0.719173150,NULL),(1777,186,1,0.668734820,NULL),(1778,187,40,0.716426560,NULL),(1779,187,22,0.712873030,NULL),(1780,187,28,0.483255490,NULL),(1781,187,1,0.117185810,NULL),(1782,187,9,0.591634400,NULL),(1783,187,4,0.725295680,NULL),(1784,187,11,0.488676140,NULL),(1785,187,33,0.407587400,NULL),(1786,187,3,0.821968870,NULL),(1787,188,23,0.654249780,NULL),(1788,188,38,0.720871540,NULL),(1789,188,26,0.649429190,NULL),(1790,188,3,0.484851240,NULL),(1791,188,33,0.573123400,NULL),(1792,188,4,0.532414720,NULL),(1793,188,1,0.655150110,NULL),(1794,188,8,0.465978400,NULL),(1795,188,2,0.795264860,NULL),(1796,189,23,0.678639930,NULL),(1797,189,19,0.511926600,NULL),(1798,189,21,0.785151470,NULL),(1799,189,7,0.679791390,NULL),(1800,189,8,0.382412050,NULL),(1801,189,9,0.400424610,NULL),(1802,189,33,0.449646240,NULL),(1803,189,34,0.680444760,NULL),(1804,189,5,0.473161100,NULL),(1805,189,4,0.641484520,NULL),(1806,189,1,0.380361510,NULL),(1807,189,2,0.605146500,NULL),(1808,190,23,0.725719550,NULL),(1809,190,22,0.535468300,NULL),(1810,190,7,0.833577470,NULL),(1811,190,34,0.652243250,NULL),(1812,190,9,0.558576260,NULL),(1813,190,8,0.200598020,NULL),(1814,190,33,0.324256750,NULL),(1815,190,11,0.252581630,NULL),(1816,191,23,0.544034850,NULL),(1817,191,22,0.573294090,NULL),(1818,191,27,0.435974070,NULL),(1819,191,9,0.185457600,NULL),(1820,191,33,0.519996530,NULL),(1821,191,1,0.342809770,NULL),(1822,191,3,0.455232940,NULL),(1823,191,11,0.368217600,NULL),(1824,191,34,0.390025750,NULL),(1825,192,23,0.660046660,NULL),(1826,192,38,0.668141060,NULL),(1827,192,28,0.254930040,NULL),(1828,192,27,0.796298670,NULL),(1829,192,4,0.325295920,NULL),(1830,192,11,0.346075440,NULL),(1831,192,5,0.395077780,NULL),(1832,192,3,0.350579880,NULL),(1833,192,1,0.555728180,NULL),(1834,192,2,0.275382230,NULL),(1835,192,33,0.681226830,NULL),(1836,193,23,0.604034570,NULL),(1837,193,38,0.682255230,NULL),(1838,193,28,0.709826120,NULL),(1839,193,33,0.343347240,NULL),(1840,193,9,0.244112700,NULL),(1841,193,3,0.385588420,NULL),(1842,193,4,0.344621590,NULL),(1843,193,11,0.529957180,NULL),(1844,193,5,0.375259090,NULL),(1845,193,34,0.609012650,NULL),(1846,194,40,0.564655890,NULL),(1847,194,20,0.616351370,NULL),(1848,194,21,0.819822550,NULL),(1849,194,26,0.821142350,NULL),(1850,194,33,0.379304630,NULL),(1851,194,2,0.316270140,NULL),(1852,194,11,0.358149390,NULL),(1853,194,4,0.371696330,NULL),(1854,194,5,0.231657750,NULL),(1855,194,1,0.515356540,NULL),(1856,194,34,0.573537190,NULL),(1857,195,40,0.648275870,NULL),(1858,195,39,0.656517000,NULL),(1859,195,32,0.577930320,NULL),(1860,195,34,0.346702920,NULL),(1861,195,3,0.320667820,NULL),(1862,195,1,0.463267420,NULL),(1863,195,2,0.352095640,NULL),(1864,195,33,0.589890470,NULL),(1865,195,11,0.638762020,NULL),(1866,196,41,0.435266630,NULL),(1867,196,39,0.642215100,NULL),(1868,196,29,0.634508470,NULL),(1869,196,5,0.295552720,NULL),(1870,196,33,0.391687170,NULL),(1871,196,3,0.261551240,NULL),(1872,196,11,0.546446480,NULL),(1873,196,2,0.767927040,NULL),(1874,196,8,0.520249830,NULL),(1875,197,41,0.336730700,NULL),(1876,197,22,0.409372760,NULL),(1877,197,7,0.895702260,NULL),(1878,197,34,0.459032160,NULL),(1879,197,4,0.449475070,NULL),(1880,197,2,0.385372280,NULL),(1881,197,33,0.588728040,NULL),(1882,197,3,0.523587480,NULL),(1883,197,9,0.681392730,NULL),(1884,198,41,0.755712490,NULL),(1885,198,20,0.415730300,NULL),(1886,198,21,0.522101530,NULL),(1887,198,29,0.479369400,NULL),(1888,198,4,0.570480540,NULL),(1889,198,2,0.379852040,NULL),(1890,198,8,0.418529980,NULL),(1891,198,33,0.699721570,NULL),(1892,198,1,0.354594860,NULL),(1893,199,40,0.555909490,NULL),(1894,199,38,0.740973330,NULL),(1895,199,26,0.395113760,NULL),(1896,199,33,0.510494620,NULL),(1897,199,2,0.529924550,NULL),(1898,199,5,0.536283490,NULL),(1899,199,1,0.299307330,NULL),(1900,199,3,0.253611300,NULL),(1901,200,23,0.330241180,NULL),(1902,200,20,0.497251690,NULL),(1903,200,21,0.818747770,NULL),(1904,200,32,0.770832230,NULL),(1905,200,1,0.428254010,NULL),(1906,200,11,0.304883060,NULL),(1907,200,8,0.700822690,NULL),(1908,200,9,0.310291460,NULL),(1909,200,34,0.476400180,NULL),(1910,200,2,0.582993010,NULL),(1911,200,3,0.496239190,NULL),(1912,201,23,0.767794500,NULL),(1913,201,20,0.785187200,NULL),(1914,201,21,0.825137510,NULL),(1915,201,29,0.891533600,NULL),(1916,201,2,0.370057880,NULL),(1917,201,8,0.434017940,NULL),(1918,201,1,0.496597160,NULL),(1919,201,4,0.287105640,NULL),(1920,201,33,0.447617150,NULL),(1921,201,34,0.452499530,NULL),(1922,201,9,0.597084170,NULL),(1923,202,40,0.278260780,NULL),(1924,202,19,0.609720780,NULL),(1925,202,21,0.757053090,NULL),(1926,202,26,0.320272470,NULL),(1927,202,8,0.394109320,NULL),(1928,202,4,0.375547190,NULL),(1929,202,33,0.554893750,NULL),(1930,202,2,0.401075880,NULL),(1931,202,11,0.393038400,NULL),(1932,202,1,0.755597150,NULL),(1933,203,23,0.617661540,NULL),(1934,203,22,0.588341030,NULL),(1935,203,32,0.413234450,NULL),(1936,203,1,0.490808730,NULL),(1937,203,3,0.676882520,NULL),(1938,203,33,0.740874400,NULL),(1939,203,4,0.386793500,NULL),(1940,203,5,0.547719570,NULL),(1941,203,11,0.694720270,NULL),(1942,204,41,0.442832540,NULL),(1943,204,39,0.575263210,NULL),(1944,204,28,0.819615820,NULL),(1945,204,34,0.171166170,NULL),(1946,204,5,0.567907610,NULL),(1947,204,1,0.326402310,NULL),(1948,204,11,0.542684730,NULL),(1949,205,41,0.356661930,NULL),(1950,205,38,0.756628570,NULL),(1951,205,26,0.589736210,NULL),(1952,205,34,0.621574450,NULL),(1953,205,8,0.348526920,NULL),(1954,205,11,0.343140840,NULL),(1955,205,9,0.632694550,NULL),(1956,205,1,0.590771880,NULL),(1957,205,5,0.166746280,NULL),(1958,205,4,0.428512020,NULL),(1959,206,41,0.526364810,NULL),(1960,206,20,0.356237220,NULL),(1961,206,21,0.505365800,NULL),(1962,206,29,0.571141720,NULL),(1963,206,34,0.275774390,NULL),(1964,206,9,0.700436960,NULL),(1965,206,33,0.452730180,NULL),(1966,206,11,0.349495420,NULL),(1967,206,8,0.411768840,NULL),(1968,206,5,0.236958300,NULL),(1969,206,1,0.835059000,NULL),(1970,207,40,0.464241440,NULL),(1971,207,22,0.693177750,NULL),(1972,207,29,0.773648110,NULL),(1973,207,3,0.235414350,NULL),(1974,207,8,0.130226730,NULL),(1975,207,34,0.412128430,NULL),(1976,207,9,0.322980600,NULL),(1977,207,5,0.427849070,NULL),(1978,207,33,0.579848570,NULL),(1979,207,11,0.621166260,NULL),(1980,207,2,0.785333890,NULL),(1981,208,40,0.749645560,NULL),(1982,208,39,0.650507580,NULL),(1983,208,32,0.540783040,NULL),(1984,208,34,0.752857750,NULL),(1985,208,11,0.187472120,NULL),(1986,208,5,0.259225590,NULL),(1987,208,1,0.406806910,NULL),(1988,208,8,0.727374520,NULL),(1989,208,4,0.540418210,NULL),(1990,209,40,0.343657120,NULL),(1991,209,22,0.393116640,NULL),(1992,209,27,0.358929990,NULL),(1993,209,34,0.258892850,NULL),(1994,209,11,0.179700590,NULL),(1995,209,5,0.516648220,NULL),(1996,209,33,0.440632110,NULL),(1997,209,1,0.514350540,NULL),(1998,209,3,0.464702000,NULL),(1999,209,8,0.237207250,NULL),(2000,209,9,0.590364950,NULL),(2001,210,40,0.450103680,NULL),(2002,210,19,0.536846050,NULL),(2003,210,21,0.768657090,NULL),(2004,210,7,0.621572340,NULL),(2005,210,8,0.576090630,NULL),(2006,210,4,0.392079370,NULL),(2007,210,11,0.106965890,NULL),(2008,210,3,0.274622510,NULL),(2009,210,9,0.390005080,NULL),(2010,210,5,0.598280380,NULL),(2011,210,33,0.687606020,NULL),(2012,211,23,0.696458410,NULL),(2013,211,20,0.636857710,NULL),(2014,211,21,0.483433460,NULL),(2015,211,27,0.514646660,NULL),(2016,211,2,0.211202710,NULL),(2017,211,4,0.743234450,NULL),(2018,211,1,0.698389070,NULL),(2019,211,5,0.546951760,NULL),(2020,211,33,0.723501490,NULL),(2021,212,41,0.705582820,NULL),(2022,212,22,0.703795620,NULL),(2023,212,28,0.727681180,NULL),(2024,212,34,0.685496160,NULL),(2025,212,4,0.356770970,NULL),(2026,212,1,0.622497450,NULL),(2027,212,2,0.389845950,NULL),(2028,212,33,0.567931570,NULL),(2029,212,9,0.557418540,NULL),(2030,212,5,0.555538520,NULL),(2031,213,41,0.407696100,NULL),(2032,213,20,0.614055420,NULL),(2033,213,21,0.570383490,NULL),(2034,213,27,0.711955750,NULL),(2035,213,28,0.692204910,NULL),(2036,213,4,0.148609810,NULL),(2037,213,5,0.334909270,NULL),(2038,213,11,0.586790620,NULL),(2039,213,3,0.818078590,NULL),(2040,213,1,0.396708290,NULL),(2041,213,33,0.482246090,NULL),(2042,213,9,0.423963950,NULL),(2043,214,41,0.736710840,NULL),(2044,214,39,0.709101520,NULL),(2045,214,29,0.698311890,NULL),(2046,214,8,0.736253040,NULL),(2047,214,5,0.314490720,NULL),(2048,214,34,0.602953670,NULL),(2049,214,2,0.614813520,NULL),(2050,214,3,0.514024050,NULL),(2051,214,33,0.435181720,NULL),(2052,214,4,0.396509920,NULL),(2053,215,40,0.533343700,NULL),(2054,215,39,0.605108320,NULL),(2055,215,7,0.721861110,NULL),(2056,215,1,0.299445360,NULL),(2057,215,9,0.350957910,NULL),(2058,215,4,0.333317750,NULL),(2059,215,3,0.363164930,NULL),(2060,215,8,0.621410230,NULL),(2061,215,34,0.649146390,NULL),(2062,215,2,0.623842920,NULL),(2063,216,23,0.535191640,NULL),(2064,216,38,0.562603530,NULL),(2065,216,27,0.498405310,NULL),(2066,216,2,0.696128820,NULL),(2067,216,11,0.303388570,NULL),(2068,216,4,0.303934730,NULL),(2069,216,8,0.483944570,NULL),(2070,216,5,0.583085980,NULL),(2071,216,33,0.601703820,NULL),(2072,216,9,0.535952950,NULL),(2073,217,23,0.609631160,NULL),(2074,217,20,0.450228240,NULL),(2075,217,21,0.719503960,NULL),(2076,217,26,0.336790190,NULL),(2077,217,11,0.504121530,NULL),(2078,217,34,0.787030710,NULL),(2079,217,3,0.162462840,NULL),(2080,217,9,0.238443170,NULL),(2081,217,4,0.648714500,NULL),(2082,217,33,0.306512240,NULL),(2083,218,41,0.500410060,NULL),(2084,218,19,0.484215280,NULL),(2085,218,21,0.727023220,NULL),(2086,218,29,0.707659380,NULL),(2087,218,8,0.319855030,NULL),(2088,218,9,0.675576370,NULL),(2089,218,3,0.218599330,NULL),(2090,218,11,0.416684760,NULL),(2091,218,33,0.663721290,NULL),(2092,219,23,0.736054290,NULL),(2093,219,20,0.759541570,NULL),(2094,219,21,0.704925690,NULL),(2095,219,26,0.608443680,NULL),(2096,219,2,0.205237750,NULL),(2097,219,3,0.550619800,NULL),(2098,219,4,0.558290350,NULL),(2099,219,33,0.285369720,NULL),(2100,219,1,0.119387510,NULL),(2101,219,34,0.458693670,NULL),(2102,219,9,0.569523540,NULL),(2103,219,8,0.707737180,NULL),(2104,220,40,0.466434120,NULL),(2105,220,22,0.691961960,NULL),(2106,220,28,0.597426450,NULL),(2107,220,11,0.727136740,NULL),(2108,220,5,0.365100390,NULL),(2109,220,33,0.123604150,NULL),(2110,220,1,0.378306340,NULL),(2111,220,2,0.523814220,NULL),(2112,220,8,0.196957830,NULL),(2113,220,34,0.400360280,NULL),(2114,221,23,0.370124590,NULL),(2115,221,20,0.648085900,NULL),(2116,221,21,0.771049350,NULL),(2117,221,27,0.582114190,NULL),(2118,221,8,0.300393370,NULL),(2119,221,1,0.293807740,NULL),(2120,221,11,0.415537760,NULL),(2121,221,4,0.186266710,NULL),(2122,221,9,0.332177430,NULL),(2123,221,34,0.780453500,NULL),(2124,221,33,0.537133950,NULL),(2125,222,41,0.525629330,NULL),(2126,222,20,0.742466970,NULL),(2127,222,21,0.736584390,NULL),(2128,222,28,0.801002520,NULL),(2129,222,8,0.260899580,NULL),(2130,222,9,0.534936330,NULL),(2131,222,2,0.261367320,NULL),(2132,222,3,0.190875680,NULL),(2133,222,11,0.239286080,NULL),(2134,222,34,0.445276410,NULL),(2135,222,1,0.482846360,NULL),(2136,222,5,0.722147620,NULL),(2137,223,23,0.526712930,NULL),(2138,223,22,0.533527060,NULL),(2139,223,39,0.639445560,NULL),(2140,223,7,0.739120110,NULL),(2141,223,3,0.652554860,NULL),(2142,223,11,0.410932180,NULL),(2143,223,9,0.328856630,NULL),(2144,223,5,0.374781850,NULL),(2145,223,33,0.309635730,NULL),(2146,224,23,0.663722850,NULL),(2147,224,22,0.536053740,NULL),(2148,224,28,0.892827780,NULL),(2149,224,4,0.580950570,NULL),(2150,224,8,0.315144280,NULL),(2151,224,3,0.343260080,NULL),(2152,224,9,0.333179690,NULL),(2153,224,11,0.537389810,NULL),(2154,224,1,0.555350460,NULL),(2155,224,5,0.229566000,NULL),(2156,224,34,0.671648460,NULL),(2157,225,23,0.572781890,NULL),(2158,225,38,0.801796680,NULL),(2159,225,29,0.800104170,NULL),(2160,225,2,0.352326350,NULL),(2161,225,5,0.626958460,NULL),(2162,225,8,0.409606620,NULL),(2163,225,11,0.316238530,NULL),(2164,225,9,0.325152010,NULL),(2165,225,1,0.619024590,NULL),(2166,225,4,0.852989810,NULL),(2167,226,41,0.626408030,NULL),(2168,226,38,0.670982560,NULL),(2169,226,32,0.670049890,NULL),(2170,226,3,0.324054210,NULL),(2171,226,5,0.417239620,NULL),(2172,226,33,0.492336920,NULL),(2173,226,2,0.493702540,NULL),(2174,226,9,0.549497450,NULL),(2175,226,1,0.631169880,NULL),(2176,227,23,0.654499740,NULL),(2177,227,39,0.536671770,NULL),(2178,227,7,0.810686240,NULL),(2179,227,1,0.242128920,NULL),(2180,227,8,0.266506960,NULL),(2181,227,3,0.189727590,NULL),(2182,227,11,0.467918330,NULL),(2183,227,2,0.509457880,NULL),(2184,227,5,0.305159930,NULL),(2185,227,4,0.603035250,NULL),(2186,227,34,0.480120030,NULL),(2187,228,23,0.509264170,NULL),(2188,228,39,0.576411200,NULL),(2189,228,26,0.564214130,NULL),(2190,228,34,0.437854120,NULL),(2191,228,4,0.435462120,NULL),(2192,228,9,0.404554240,NULL),(2193,228,33,0.742472840,NULL),(2194,228,8,0.449608980,NULL),(2195,228,11,0.692314220,NULL),(2196,228,2,0.715621800,NULL),(2197,229,23,0.480747800,NULL),(2198,229,38,0.394992740,NULL),(2199,229,40,0.420038180,NULL),(2200,229,20,0.628712420,NULL),(2201,229,21,0.365684640,NULL),(2202,229,41,0.635440000,NULL),(2203,229,22,0.422496100,NULL),(2204,229,29,0.814716040,NULL),(2205,229,27,0.392351800,NULL),(2206,229,2,0.280568260,NULL),(2207,229,4,0.260076900,NULL),(2208,229,8,0.427368380,NULL),(2209,229,9,0.467279460,NULL),(2210,229,5,0.391385810,NULL),(2211,229,1,0.502181420,NULL),(2212,229,3,0.422561140,NULL),(2213,229,11,0.715567250,NULL),(2214,230,41,0.720163530,NULL),(2215,230,22,0.596339060,NULL),(2216,230,26,0.608595330,NULL),(2217,230,33,0.414720930,NULL),(2218,230,1,0.386619870,NULL),(2219,230,9,0.404820470,NULL),(2220,230,4,0.446098180,NULL),(2221,230,2,0.334548750,NULL),(2222,230,5,0.440597610,NULL),(2223,230,34,0.631144020,NULL),(2224,230,11,0.483688680,NULL),(2225,230,3,0.774353620,NULL),(2226,231,40,0.407868230,NULL),(2227,231,39,0.601410850,NULL),(2228,231,29,0.806462850,NULL),(2229,231,34,0.175073050,NULL),(2230,231,4,0.436611660,NULL),(2231,231,2,0.419576540,NULL),(2232,231,3,0.328614620,NULL),(2233,231,8,0.863517520,NULL),(2234,231,5,0.388995600,NULL),(2235,231,11,0.698419220,NULL),(2236,232,41,0.761800090,NULL),(2237,232,20,0.423040760,NULL),(2238,232,21,0.569002170,NULL),(2239,232,32,0.778105800,NULL),(2240,232,34,0.235213370,NULL),(2241,232,3,0.631256780,NULL),(2242,232,9,0.474986300,NULL),(2243,232,8,0.546912310,NULL),(2244,232,5,0.371792260,NULL),(2245,232,4,0.662385840,NULL),(2246,232,2,0.504254880,NULL),(2247,233,41,0.308734380,NULL),(2248,233,39,0.619809480,NULL),(2249,233,7,0.508243590,NULL),(2250,233,33,0.208045770,NULL),(2251,233,3,0.139027900,NULL),(2252,233,34,0.298101790,NULL),(2253,233,1,0.292064290,NULL),(2254,233,5,0.289295930,NULL),(2255,233,9,0.432423770,NULL),(2256,233,11,0.610530200,NULL),(2257,234,40,0.522410700,NULL),(2258,234,39,0.657560520,NULL),(2259,234,27,0.548196660,NULL),(2260,234,9,0.231246170,NULL),(2261,234,4,0.496905800,NULL),(2262,234,3,0.414213670,NULL),(2263,234,34,0.329498360,NULL),(2264,234,8,0.753967700,NULL),(2265,234,33,0.664827620,NULL),(2266,235,41,0.618725470,NULL),(2267,235,19,0.613056130,NULL),(2268,235,21,0.646918120,NULL),(2269,235,32,0.532443720,NULL),(2270,235,5,0.266686010,NULL),(2271,235,33,0.570238250,NULL),(2272,235,4,0.254485800,NULL),(2273,235,11,0.402045830,NULL),(2274,235,2,0.700597220,NULL),(2275,235,9,0.547667170,NULL),(2276,236,23,0.373847470,NULL),(2277,236,39,0.443004710,NULL),(2278,236,26,0.247186610,NULL),(2279,236,9,0.397608650,NULL),(2280,236,2,0.273088150,NULL),(2281,236,3,0.459090320,NULL),(2282,236,5,0.498407970,NULL),(2283,236,33,0.648576600,NULL),(2284,237,40,0.426424080,NULL),(2285,237,19,0.439923690,NULL),(2286,237,21,0.675564150,NULL),(2287,237,29,0.751418110,NULL),(2288,237,8,0.725885220,NULL),(2289,237,9,0.678659710,NULL),(2290,237,1,0.523867950,NULL),(2291,237,33,0.424403460,NULL),(2292,237,34,0.620595230,NULL),(2293,237,3,0.163027400,NULL),(2294,237,2,0.659624610,NULL),(2295,237,4,0.479734370,NULL),(2296,238,23,0.432446610,NULL),(2297,238,20,0.369231860,NULL),(2298,238,21,0.829584210,NULL),(2299,238,7,0.675965570,NULL),(2300,238,8,0.224738440,NULL),(2301,238,2,0.897439750,NULL),(2302,238,9,0.200412100,NULL),(2303,238,5,0.175071800,NULL),(2304,238,11,0.501409500,NULL),(2305,239,40,0.664762140,NULL),(2306,239,20,0.473388240,NULL),(2307,239,21,0.747822880,NULL),(2308,239,7,0.429121870,NULL),(2309,239,8,0.488258520,NULL),(2310,239,3,0.498098120,NULL),(2311,239,2,0.573400130,NULL),(2312,239,33,0.759430460,NULL),(2313,239,4,0.565281400,NULL),(2314,240,41,0.424316770,NULL),(2315,240,22,0.348961990,NULL),(2316,240,23,0.403322480,NULL),(2317,240,20,0.711825280,NULL),(2318,240,21,0.835392810,NULL),(2319,240,29,0.661090520,NULL),(2320,240,9,0.256117740,NULL),(2321,240,11,0.519870760,NULL),(2322,240,4,0.237338200,NULL),(2323,240,34,0.374031460,NULL),(2324,240,5,0.327588990,NULL),(2325,240,1,0.756454830,NULL),(2326,240,33,0.548404210,NULL),(2327,241,40,0.438852660,NULL),(2328,241,22,0.694255420,NULL),(2329,241,32,0.572871350,NULL),(2330,241,9,0.300233550,NULL),(2331,241,1,0.338211420,NULL),(2332,241,33,0.249015270,NULL),(2333,241,5,0.245995940,NULL),(2334,241,2,0.276660110,NULL),(2335,241,4,0.625499750,NULL),(2336,242,41,0.724686250,NULL),(2337,242,19,0.377427120,NULL),(2338,242,21,0.719877030,NULL),(2339,242,28,0.833441040,NULL),(2340,242,2,0.376112020,NULL),(2341,242,3,0.570150330,NULL),(2342,242,5,0.424976040,NULL),(2343,242,33,0.585159320,NULL),(2344,242,34,0.326713180,NULL),(2345,242,4,0.615112850,NULL),(2346,242,8,0.525615280,NULL),(2347,243,40,0.189502550,NULL),(2348,243,20,0.788202220,NULL),(2349,243,21,0.742892920,NULL),(2350,243,7,0.847542010,NULL),(2351,243,2,0.431201020,NULL),(2352,243,9,0.635997690,NULL),(2353,243,5,0.609934900,NULL),(2354,243,34,0.433686740,NULL),(2355,243,33,0.180940050,NULL),(2356,243,11,0.396941480,NULL),(2357,244,40,0.687854350,NULL),(2358,244,22,0.514248530,NULL),(2359,244,7,0.472761210,NULL),(2360,244,33,0.539686430,NULL),(2361,244,1,0.325490950,NULL),(2362,244,8,0.222274510,NULL),(2363,244,11,0.665908240,NULL),(2364,244,34,0.379212090,NULL),(2365,244,4,0.547900140,NULL),(2366,245,41,0.742855840,NULL),(2367,245,22,0.545862760,NULL),(2368,245,27,0.538994630,NULL),(2369,245,11,0.312814620,NULL),(2370,245,3,0.583072500,NULL),(2371,245,9,0.374822390,NULL),(2372,245,8,0.808048210,NULL),(2373,245,33,0.610290190,NULL),(2374,245,34,0.611951780,NULL),(2375,246,40,0.495105900,NULL),(2376,246,19,0.641508190,NULL),(2377,246,21,0.682361240,NULL),(2378,246,28,0.445871390,NULL),(2379,246,11,0.302309020,NULL),(2380,246,2,0.467707520,NULL),(2381,246,1,0.518788000,NULL),(2382,246,8,0.429008460,NULL),(2383,246,4,0.579271420,NULL),(2384,246,5,0.406858480,NULL),(2385,247,40,0.112145720,NULL),(2386,247,39,0.472179760,NULL),(2387,247,28,0.729056430,NULL),(2388,247,8,0.590659490,NULL),(2389,247,5,0.695148600,NULL),(2390,247,3,0.433257690,NULL),(2391,248,23,0.177407890,NULL),(2392,248,19,0.756203970,NULL),(2393,248,21,0.586999330,NULL),(2394,248,29,0.693607040,NULL),(2395,248,2,0.245104710,NULL),(2396,248,1,0.375381160,NULL),(2397,248,33,0.404836600,NULL),(2398,248,34,0.222556090,NULL),(2399,248,11,0.764978260,NULL),(2400,248,4,0.589435140,NULL),(2401,248,3,0.273055430,NULL),(2402,249,40,0.460222110,NULL),(2403,249,38,0.671577310,NULL),(2404,249,29,0.786068050,NULL),(2405,249,4,0.325294040,NULL),(2406,249,11,0.712273390,NULL),(2407,249,33,0.310735540,NULL),(2408,249,5,0.533979000,NULL),(2409,249,3,0.505339990,NULL),(2410,249,1,0.316276220,NULL),(2411,250,23,0.606747410,NULL),(2412,250,39,0.514835930,NULL),(2413,250,7,0.686246320,NULL),(2414,250,9,0.482886140,NULL),(2415,250,33,0.470811550,NULL),(2416,250,2,0.826291650,NULL),(2417,250,34,0.704924870,NULL),(2418,250,1,0.681221490,NULL),(2419,251,40,0.672935420,NULL),(2420,251,39,0.459016910,NULL),(2421,251,28,0.849641570,NULL),(2422,251,3,0.572775400,NULL),(2423,251,11,0.352566510,NULL),(2424,251,5,0.394868970,NULL),(2425,251,2,0.313783060,NULL),(2426,251,1,0.608720190,NULL),(2427,252,40,0.651594790,NULL),(2428,252,22,0.666555630,NULL),(2429,252,28,0.461102170,NULL),(2430,252,3,0.227938060,NULL),(2431,252,9,0.292420380,NULL),(2432,252,5,0.278928430,NULL),(2433,252,2,0.438465700,NULL),(2434,252,33,0.602925440,NULL),(2435,252,8,0.723206360,NULL),(2436,252,11,0.270469910,NULL),(2437,253,23,0.328661080,NULL),(2438,253,19,0.649829260,NULL),(2439,253,21,0.683979000,NULL),(2440,253,32,0.249499240,NULL),(2441,253,5,0.299794850,NULL),(2442,253,11,0.604148820,NULL),(2443,253,33,0.249294020,NULL),(2444,253,2,0.530536740,NULL),(2445,253,1,0.318347850,NULL),(2446,254,23,0.696080340,NULL),(2447,254,39,0.686042810,NULL),(2448,254,7,0.658537690,NULL),(2449,254,26,0.896216630,NULL),(2450,254,34,0.529573600,NULL),(2451,254,3,0.307522580,NULL),(2452,254,8,0.388643490,NULL),(2453,254,4,0.501317080,NULL),(2454,254,2,0.417573920,NULL),(2455,254,1,0.738600600,NULL),(2456,254,9,0.338917990,NULL),(2457,255,41,0.677456610,NULL),(2458,255,20,0.715791740,NULL),(2459,255,21,0.272833940,NULL),(2460,255,28,0.835893910,NULL),(2461,255,4,0.728187710,NULL),(2462,255,33,0.305688850,NULL),(2463,255,34,0.398732670,NULL),(2464,255,1,0.634875980,NULL),(2465,255,5,0.675853080,NULL),(2466,256,23,0.155955690,NULL),(2467,256,19,0.587680910,NULL),(2468,256,21,0.506338790,NULL),(2469,256,27,0.880890690,NULL),(2470,256,5,0.620965180,NULL),(2471,256,4,0.478845990,NULL),(2472,256,34,0.228622680,NULL),(2473,256,3,0.419079610,NULL),(2474,256,8,0.706468430,NULL),(2475,256,1,0.561652210,NULL),(2476,257,41,0.476895810,NULL),(2477,257,38,0.494132140,NULL),(2478,257,28,0.659619100,NULL),(2479,257,33,0.605996920,NULL),(2480,257,5,0.520714090,NULL),(2481,257,2,0.354628720,NULL),(2482,257,8,0.486538240,NULL),(2483,257,4,0.177149510,NULL),(2484,257,34,0.783741110,NULL),(2485,257,3,0.726250570,NULL),(2486,258,23,0.679413750,NULL),(2487,258,39,0.666837180,NULL),(2488,258,26,0.788886090,NULL),(2489,258,7,0.814136670,NULL),(2490,258,9,0.305672010,NULL),(2491,258,11,0.333322890,NULL),(2492,258,2,0.597239900,NULL),(2493,258,34,0.716852900,NULL),(2494,258,33,0.542182130,NULL),(2495,258,3,0.358204450,NULL),(2496,259,40,0.607500180,NULL),(2497,259,22,0.471027850,NULL),(2498,259,28,0.491649410,NULL),(2499,259,2,0.320527760,NULL),(2500,259,34,0.745455360,NULL),(2501,259,8,0.228650870,NULL),(2502,259,9,0.489340560,NULL),(2503,259,1,0.569622290,NULL),(2504,259,3,0.323936310,NULL),(2505,260,41,0.694751820,NULL),(2506,260,38,0.607172130,NULL),(2507,260,29,0.453640070,NULL),(2508,260,8,0.280413000,NULL),(2509,260,2,0.376689100,NULL),(2510,260,33,0.625311930,NULL),(2511,260,1,0.901731120,NULL),(2512,260,4,0.523595130,NULL),(2513,261,23,0.686385170,NULL),(2514,261,22,0.604279710,NULL),(2515,261,27,0.699144540,NULL),(2516,261,9,0.509184060,NULL),(2517,261,3,0.476300790,NULL),(2518,261,34,0.495311030,NULL),(2519,261,8,0.374671840,NULL),(2520,261,33,0.579516890,NULL),(2521,261,4,0.537247060,NULL),(2522,262,41,0.656379690,NULL),(2523,262,38,0.502715010,NULL),(2524,262,28,0.600286510,NULL),(2525,262,33,0.318275130,NULL),(2526,262,34,0.580384690,NULL),(2527,262,8,0.274728120,NULL),(2528,262,2,0.588477960,NULL),(2529,262,5,0.556463310,NULL),(2530,262,3,0.247087380,NULL),(2531,263,41,0.336129880,NULL),(2532,263,20,0.638284690,NULL),(2533,263,21,0.519794230,NULL),(2534,263,32,0.626165840,NULL),(2535,263,33,0.540557700,NULL),(2536,263,8,0.693953170,NULL),(2537,263,4,0.570262550,NULL),(2538,263,11,0.682907220,NULL),(2539,263,2,0.516424170,NULL),(2540,264,41,0.746313150,NULL),(2541,264,38,0.530842370,NULL),(2542,264,32,0.473491710,NULL),(2543,264,1,0.362265520,NULL),(2544,264,2,0.613394120,NULL),(2545,264,8,0.867995750,NULL),(2546,264,3,0.538814700,NULL),(2547,264,5,0.613471580,NULL),(2548,264,4,0.576172910,NULL),(2549,265,41,0.678768910,NULL),(2550,265,20,0.215021740,NULL),(2551,265,21,0.767945070,NULL),(2552,265,27,0.458065970,NULL),(2553,265,33,0.325464590,NULL),(2554,265,4,0.268375790,NULL),(2555,265,3,0.605323430,NULL),(2556,265,8,0.798136060,NULL),(2557,265,34,0.246472240,NULL),(2558,266,41,0.623692700,NULL),(2559,266,22,0.500030750,NULL),(2560,266,28,0.556285390,NULL),(2561,266,2,0.328890490,NULL),(2562,266,9,0.372511640,NULL),(2563,266,33,0.311023930,NULL),(2564,266,34,0.435959340,NULL),(2565,266,4,0.445391140,NULL),(2566,266,1,0.384304100,NULL),(2567,266,11,0.575315910,NULL),(2568,266,3,0.545627680,NULL),(2569,267,23,0.750133630,NULL),(2570,267,19,0.407420240,NULL),(2571,267,21,0.635007760,NULL),(2572,267,27,0.722924310,NULL),(2573,267,34,0.698804740,NULL),(2574,267,9,0.530327080,NULL),(2575,267,33,0.438527610,NULL),(2576,267,1,0.693883250,NULL),(2577,267,8,0.663028310,NULL),(2578,268,23,0.485421360,NULL),(2579,268,39,0.631387640,NULL),(2580,268,27,0.753266190,NULL),(2581,268,11,0.567830780,NULL),(2582,268,9,0.560172950,NULL),(2583,268,4,0.329660380,NULL),(2584,268,34,0.337816250,NULL),(2585,268,1,0.667456130,NULL),(2586,269,41,0.540910100,NULL),(2587,269,20,0.716405560,NULL),(2588,269,21,0.582699240,NULL),(2589,269,26,0.663687720,NULL),(2590,269,11,0.338344540,NULL),(2591,269,4,0.705038530,NULL),(2592,269,1,0.417456180,NULL),(2593,269,34,0.397973220,NULL),(2594,269,2,0.396316000,NULL),(2595,269,9,0.406468750,NULL),(2596,270,40,0.561658150,NULL),(2597,270,19,0.849501240,NULL),(2598,270,21,0.520640440,NULL),(2599,270,23,0.406843070,NULL),(2600,270,39,0.399625900,NULL),(2601,270,7,0.779891160,NULL),(2602,270,9,0.172871330,NULL),(2603,270,5,0.325990890,NULL),(2604,270,33,0.323129140,NULL),(2605,270,1,0.351522050,NULL),(2606,270,34,0.483233370,NULL),(2607,270,8,0.556815400,NULL),(2608,270,11,0.624613360,NULL),(2609,270,4,0.190133640,NULL),(2610,271,23,0.384728490,NULL),(2611,271,22,0.468810070,NULL),(2612,271,27,0.780632050,NULL),(2613,271,33,0.176547630,NULL),(2614,271,4,0.895120450,NULL),(2615,271,5,0.365492490,NULL),(2616,271,11,0.498268690,NULL),(2617,271,3,0.652310950,NULL),(2618,271,1,0.310966980,NULL),(2619,271,9,0.703951390,NULL),(2620,271,2,0.746160490,NULL),(2621,272,40,0.675489680,NULL),(2622,272,19,0.667378220,NULL),(2623,272,21,0.515648300,NULL),(2624,272,29,0.289033520,NULL),(2625,272,1,0.445223710,NULL),(2626,272,8,0.558765760,NULL),(2627,272,2,0.302259800,NULL),(2628,272,33,0.387101540,NULL),(2629,272,11,0.651614920,NULL),(2630,272,3,0.385284600,NULL),(2631,273,40,0.450277310,NULL),(2632,273,19,0.426429410,NULL),(2633,273,21,0.609413360,NULL),(2634,273,32,0.682673280,NULL),(2635,273,8,0.457875340,NULL),(2636,273,11,0.381852490,NULL),(2637,273,1,0.514420720,NULL),(2638,273,2,0.599344020,NULL),(2639,273,5,0.517355420,NULL),(2640,274,23,0.619710240,NULL),(2641,274,20,0.664542180,NULL),(2642,274,21,0.665586220,NULL),(2643,274,28,0.597808600,NULL),(2644,274,7,0.619725620,NULL),(2645,274,5,0.600511410,NULL),(2646,274,9,0.305452780,NULL),(2647,274,3,0.586972950,NULL),(2648,274,4,0.318403140,NULL),(2649,274,2,0.648930510,NULL),(2650,274,1,0.814950380,NULL),(2651,275,23,0.537164650,NULL),(2652,275,22,0.769126900,NULL),(2653,275,32,0.610962970,NULL),(2654,275,5,0.788956540,NULL),(2655,275,1,0.675337940,NULL),(2656,275,4,0.468825400,NULL),(2657,275,11,0.410846880,NULL),(2658,275,8,0.458176160,NULL),(2659,275,34,0.597550500,NULL),(2660,276,41,0.619713010,NULL),(2661,276,20,0.683695150,NULL),(2662,276,21,0.526998520,NULL),(2663,276,26,0.735554700,NULL),(2664,276,2,0.406981460,NULL),(2665,276,5,0.367242740,NULL),(2666,276,9,0.392688370,NULL),(2667,276,4,0.568482190,NULL),(2668,276,3,0.256735850,NULL),(2669,276,33,0.820423500,NULL),(2670,277,23,0.434612400,NULL),(2671,277,38,0.531715560,NULL),(2672,277,7,0.550576850,NULL),(2673,277,5,0.558401440,NULL),(2674,277,3,0.172819110,NULL),(2675,277,9,0.667682210,NULL),(2676,277,1,0.353118680,NULL),(2677,277,4,0.304260670,NULL),(2678,277,8,0.866711820,NULL),(2679,278,40,0.617102430,NULL),(2680,278,20,0.556200730,NULL),(2681,278,21,0.438066580,NULL),(2682,278,27,0.618887180,NULL),(2683,278,3,0.238046080,NULL),(2684,278,33,0.334462800,NULL),(2685,278,2,0.344318620,NULL),(2686,278,1,0.375675880,NULL),(2687,278,11,0.448670800,NULL),(2688,278,4,0.418028280,NULL),(2689,278,34,0.471626860,NULL),(2690,278,5,0.627262360,NULL),(2691,279,41,0.367674440,NULL),(2692,279,19,0.666319900,NULL),(2693,279,21,0.460780730,NULL),(2694,279,29,0.463482000,NULL),(2695,279,3,0.113035290,NULL),(2696,279,11,0.445769820,NULL),(2697,279,5,0.477488450,NULL),(2698,279,8,0.442188210,NULL),(2699,279,34,0.525142540,NULL),(2700,279,2,0.672357470,NULL),(2701,279,9,0.734537770,NULL),(2702,280,41,0.578471490,NULL),(2703,280,20,0.794310310,NULL),(2704,280,21,0.464284170,NULL),(2705,280,29,0.294226440,NULL),(2706,280,4,0.434305420,NULL),(2707,280,11,0.275451520,NULL),(2708,280,9,0.229764750,NULL),(2709,280,5,0.539403370,NULL),(2710,280,2,0.349131900,NULL),(2711,280,1,0.234138990,NULL),(2712,280,33,0.584036040,NULL),(2713,281,23,0.472094340,NULL),(2714,281,38,0.491531150,NULL),(2715,281,41,0.586158190,NULL),(2716,281,19,0.663037740,NULL),(2717,281,21,0.296285930,NULL),(2718,281,22,0.733490090,NULL),(2719,281,29,0.632550990,NULL),(2720,281,34,0.313725350,NULL),(2721,281,8,0.214064000,NULL),(2722,281,11,0.575110570,NULL),(2723,281,4,0.154356860,NULL),(2724,281,2,0.580693330,NULL),(2725,281,1,0.395114240,NULL),(2726,281,9,0.715989760,NULL),(2727,282,23,0.553800080,NULL),(2728,282,22,0.447442500,NULL),(2729,282,7,0.748513800,NULL),(2730,282,34,0.919253200,NULL),(2731,282,33,0.272341780,NULL),(2732,282,4,0.649226600,NULL),(2733,282,3,0.422321120,NULL),(2734,282,8,0.270411880,NULL),(2735,283,40,0.337372230,NULL),(2736,283,20,0.564628930,NULL),(2737,283,21,0.649688400,NULL),(2738,283,26,0.380174360,NULL),(2739,283,8,0.311239140,NULL),(2740,283,5,0.461025120,NULL),(2741,283,11,0.672227800,NULL),(2742,283,4,0.282868480,NULL),(2743,283,33,0.531210930,NULL),(2744,283,9,0.520944620,NULL),(2745,284,41,0.627414050,NULL),(2746,284,39,0.703560580,NULL),(2747,284,7,0.448006290,NULL),(2748,284,34,0.209781540,NULL),(2749,284,5,0.148477370,NULL),(2750,284,4,0.212281470,NULL),(2751,284,1,0.259363620,NULL),(2752,284,2,0.402889640,NULL),(2753,284,9,0.514630970,NULL),(2754,284,11,0.471230090,NULL),(2755,285,40,0.632982580,NULL),(2756,285,38,0.693847870,NULL),(2757,285,32,0.832154880,NULL),(2758,285,34,0.296921580,NULL),(2759,285,4,0.403167720,NULL),(2760,285,2,0.576275540,NULL),(2761,285,11,0.257464630,NULL),(2762,285,5,0.473061220,NULL),(2763,285,9,0.784784570,NULL),(2764,286,41,0.697970750,NULL),(2765,286,38,0.480863990,NULL),(2766,286,27,0.813208220,NULL),(2767,286,9,0.704948110,NULL),(2768,286,8,0.429671760,NULL),(2769,286,11,0.262420400,NULL),(2770,286,34,0.662764330,NULL),(2771,286,3,0.536012460,NULL),(2772,287,23,0.469241300,NULL),(2773,287,19,0.325998330,NULL),(2774,287,21,0.755252730,NULL),(2775,287,29,0.252691270,NULL),(2776,287,2,0.701861370,NULL),(2777,287,3,0.400500890,NULL),(2778,287,1,0.401869100,NULL),(2779,287,9,0.623275050,NULL),(2780,287,33,0.322519100,NULL),(2781,288,41,0.636507760,NULL),(2782,288,38,0.662458420,NULL),(2783,288,27,0.716488400,NULL),(2784,288,11,0.334391600,NULL),(2785,288,34,0.436481290,NULL),(2786,288,2,0.403805130,NULL),(2787,288,3,0.514941540,NULL),(2788,288,5,0.652915320,NULL),(2789,288,1,0.620851830,NULL),(2790,288,33,0.249372010,NULL),(2791,289,41,0.523173860,NULL),(2792,289,38,0.421460810,NULL),(2793,289,7,0.326198810,NULL),(2794,289,3,0.347648230,NULL),(2795,289,33,0.486447140,NULL),(2796,289,9,0.556860880,NULL),(2797,289,1,0.398493940,NULL),(2798,289,4,0.112465810,NULL),(2799,289,8,0.295201240,NULL),(2800,289,5,0.662949210,NULL),(2801,289,2,0.456555100,NULL),(2802,290,41,0.673382460,NULL),(2803,290,19,0.655269610,NULL),(2804,290,21,0.477077420,NULL),(2805,290,26,0.244243120,NULL),(2806,290,9,0.520086190,NULL),(2807,290,3,0.242615310,NULL),(2808,290,2,0.347364780,NULL),(2809,290,34,0.565813940,NULL),(2810,290,11,0.416804790,NULL),(2811,290,1,0.569810330,NULL),(2812,290,4,0.853957690,NULL),(2813,291,23,0.378299570,NULL),(2814,291,20,0.615399090,NULL),(2815,291,21,0.617962070,NULL),(2816,291,7,0.603959670,NULL),(2817,291,3,0.378763370,NULL),(2818,291,4,0.463672080,NULL),(2819,291,1,0.376425730,NULL),(2820,291,33,0.598646410,NULL),(2821,291,34,0.822845300,NULL),(2822,291,11,0.414372980,NULL),(2823,292,23,0.762733670,NULL),(2824,292,22,0.578529650,NULL),(2825,292,29,0.674214560,NULL),(2826,292,5,0.370100040,NULL),(2827,292,9,0.331560280,NULL),(2828,292,8,0.350988570,NULL),(2829,292,33,0.519609020,NULL),(2830,292,3,0.751334180,NULL),(2831,292,4,0.524951990,NULL),(2832,293,23,0.598581170,NULL),(2833,293,22,0.670912030,NULL),(2834,293,29,0.547787470,NULL),(2835,293,34,0.843438500,NULL),(2836,293,5,0.519342200,NULL),(2837,293,3,0.353110550,NULL),(2838,293,1,0.630597440,NULL),(2839,293,33,0.635821440,NULL),(2840,293,8,0.445593990,NULL),(2841,294,41,0.278042680,NULL),(2842,294,22,0.621549100,NULL),(2843,294,26,0.554021270,NULL),(2844,294,2,0.620207580,NULL),(2845,294,8,0.612514950,NULL),(2846,294,33,0.443711640,NULL),(2847,294,1,0.799338070,NULL),(2848,294,3,0.549807550,NULL),(2849,295,41,0.624899520,NULL),(2850,295,20,0.524832130,NULL),(2851,295,21,0.599824220,NULL),(2852,295,26,0.840744580,NULL),(2853,295,3,0.190891780,NULL),(2854,295,4,0.774809850,NULL),(2855,295,11,0.560363510,NULL),(2856,295,34,0.412600610,NULL),(2857,295,9,0.579009580,NULL),(2858,296,40,0.646079370,NULL),(2859,296,19,0.689633890,NULL),(2860,296,21,0.781296970,NULL),(2861,296,28,0.339658650,NULL),(2862,296,33,0.138555160,NULL),(2863,296,8,0.234312850,NULL),(2864,296,9,0.697700050,NULL),(2865,296,3,0.188542550,NULL),(2866,296,11,0.446061690,NULL),(2867,297,40,0.515703530,NULL),(2868,297,20,0.178000230,NULL),(2869,297,21,0.789354790,NULL),(2870,297,29,0.474712500,NULL),(2871,297,2,0.410196910,NULL),(2872,297,1,0.578884150,NULL),(2873,297,8,0.680896230,NULL),(2874,297,3,0.329579930,NULL),(2875,297,33,0.511606750,NULL),(2876,298,23,0.618501410,NULL),(2877,298,19,0.517262950,NULL),(2878,298,21,0.500317400,NULL),(2879,298,7,0.307757220,NULL),(2880,298,2,0.550115850,NULL),(2881,298,1,0.500358490,NULL),(2882,298,9,0.710065570,NULL),(2883,298,8,0.479823550,NULL),(2884,298,3,0.165648320,NULL),(2885,299,40,0.658953700,NULL),(2886,299,38,0.771241020,NULL),(2887,299,28,0.823102230,NULL),(2888,299,8,0.803389890,NULL),(2889,299,5,0.445001100,NULL),(2890,299,9,0.486021240,NULL),(2891,299,4,0.617285660,NULL),(2892,299,1,0.549775640,NULL),(2893,299,3,0.532598210,NULL),(2894,299,2,0.534695510,NULL),(2895,300,41,0.354172770,NULL),(2896,300,19,0.590700220,NULL),(2897,300,21,0.779700330,NULL),(2898,300,32,0.687675280,NULL),(2899,300,11,0.392808730,NULL),(2900,300,4,0.246740830,NULL),(2901,300,34,0.576022960,NULL),(2902,300,3,0.381651520,NULL),(2903,300,9,0.688793640,NULL);
/*!40000 ALTER TABLE `sites_tags` ENABLE KEYS */;
UNLOCK TABLES;

--
-- Table structure for table `tag`
--

DROP TABLE IF EXISTS `tag`;
CREATE TABLE `tag` (
  `id` bigint(20) NOT NULL AUTO_INCREMENT,
  `name` varchar(60) DEFAULT NULL,
  `active` tinyint(1) DEFAULT NULL,
  `segment_id` bigint(20) DEFAULT NULL,
  PRIMARY KEY (`id`),
  KEY `segment_id` (`segment_id`),
  CONSTRAINT `tag_ibfk_1` FOREIGN KEY (`segment_id`) REFERENCES `segment` (`id`)
);

--
-- Dumping data for table `tag`
--

LOCK TABLES `tag` WRITE;
/*!40000 ALTER TABLE `tag` DISABLE KEYS */;
INSERT INTO `tag` VALUES (1,'maglock',1,1),(2,'strike',1,1),(3,'mortise',1,1),(4,'rex',1,1),(5,'reader',1,1),(7,'magstripe',1,1),(8,'gate',1,1),(9,'panel',1,1),(10,'server',1,5),(11,'system',1,1),(12,'camera',1,3),(13,'ptz',1,3),(14,'video',1,3),(16,'milestone',1,3),(19,'prowatch',1,1),(20,'vindicator',1,1),(21,'honeywell',1,1),(22,'onguard',1,1),(23,'enterprise',1,1),(24,'network',1,5),(26,'prox',1,1),(27,'smart',1,1),(28,'fips',1,1),(29,'mifare',1,1),(30,'axis',1,3),(31,'pelco',1,3),(32,'iclass',1,1),(33,'delayed egress',1,1),(34,'rim',1,1),(36,'nvr',1,3),(37,'dvr',1,3),(38,'acm',1,1),(39,'securitycenter',1,1),(40,'regional',1,1),(41,'local',1,1);
/*!40000 ALTER TABLE `tag` ENABLE KEYS */;
UNLOCK TABLES;

--
-- Table structure for table `task`
--

DROP TABLE IF EXISTS `task`;
CREATE TABLE `task` (
  `id` bigint(20) NOT NULL AUTO_INCREMENT,
  `description` varchar(512) DEFAULT NULL,
  `user_id` bigint(20) DEFAULT NULL,
  `authorizer_id` bigint(20) DEFAULT NULL,
  `company` bigint(20) DEFAULT NULL,
  `site` bigint(20) DEFAULT NULL,
  `contact` bigint(20) DEFAULT NULL,
  `active` tinyint(1) DEFAULT NULL,
  `grade` tinyint(1) DEFAULT NULL,
  `resource_restricted` tinyint(1) NOT NULL DEFAULT '0',
  `resource` bigint(20) DEFAULT NULL,
  `parsed` tinyint(1) NOT NULL DEFAULT '0',
  `tagged` tinyint(1) NOT NULL DEFAULT '0',
  `ranked` tinyint(1) NOT NULL DEFAULT '0',
  `dispatched` tinyint(1) NOT NULL DEFAULT '0',
  `ideal` bigint(20) DEFAULT NULL,
  PRIMARY KEY (`id`),
  KEY `authorizer_id` (`authorizer_id`),
  KEY `company` (`company`),
  KEY `site` (`site`),
  KEY `contact` (`contact`),
  KEY `task_ibfk_1` (`user_id`),
  CONSTRAINT `task_ibfk_1` FOREIGN KEY (`user_id`) REFERENCES `user` (`id`) ON DELETE NO ACTION ON UPDATE NO ACTION,
  CONSTRAINT `task_ibfk_2` FOREIGN KEY (`authorizer_id`) REFERENCES `contact` (`id`),
  CONSTRAINT `task_ibfk_3` FOREIGN KEY (`company`) REFERENCES `company` (`id`),
  CONSTRAINT `task_ibfk_4` FOREIGN KEY (`site`) REFERENCES `site` (`id`),
  CONSTRAINT `task_ibfk_5` FOREIGN KEY (`contact`) REFERENCES `contact` (`id`)
);

--
-- Dumping data for table `task`
--

LOCK TABLES `task` WRITE;
/*!40000 ALTER TABLE `task` DISABLE KEYS */;
INSERT INTO `task` VALUES (1,'Readers sporatically stop responding throughout the headquarters building. Usually the issue goes away within 20 minutes. This is an ongoing issue that needs to be resolved.',2,468,10,44,NULL,1,1,0,NULL,1,1,1,0,12),(2,'Cannot integrate FIPS cards from Vindicator system to Onguard system. These cards are needed for main entry access at other locations.',2,183,10,100,NULL,1,1,0,NULL,1,1,1,0,2),(3,'The service area gate won\'t release. We tried resetting the Lenel panel but it didn\'t fix it. Gate is broken.',2,183,10,130,NULL,1,1,0,NULL,1,1,1,0,18),(4,'The new reader on West Main displays \'Mifare encryption error, cannot read cards\' whenever a badge is presented.',2,468,10,238,NULL,1,0,0,NULL,1,1,1,0,25),(5,'Avigilon is displaying database access errors. Cannot connect to database.',2,468,10,289,NULL,1,1,0,NULL,1,1,1,0,2),(6,'Main entrance gates are not opening at 7 am.',2,468,12,46,NULL,1,0,0,NULL,1,1,1,0,8),(7,'Intermittent reader issues on juniper hall door. Strike does not release on badge swipe.',2,468,20,184,NULL,1,1,0,NULL,1,1,1,0,2),(8,'Rex causes strike to fire randomly.',2,468,20,197,NULL,1,0,0,NULL,1,1,1,0,15),(9,'Front doors unlock whenever anyone walks by.',2,468,29,35,NULL,1,0,0,NULL,1,1,1,0,7),(10,'Multiple cardreaders are not working, system shows no alarms.',2,468,29,75,NULL,1,0,0,NULL,1,1,1,0,25),(11,'Lenel data exchange integration is failing. Restarting the Onguard server has not helped.',2,468,29,88,NULL,1,0,0,NULL,1,1,1,0,15),(12,'Enterprise replication is not reaching the Nieves office server. System is not receiving updates.',2,468,29,192,NULL,1,0,0,NULL,1,1,1,0,25),(13,'Rim strike on secure storage door sticks, regularly failing to open on reader access.',2,468,29,293,NULL,1,0,0,NULL,1,1,1,0,19),(14,'Readers unable to read cards system wide.',2,468,35,63,NULL,1,0,0,NULL,1,1,1,0,25),(15,'Replace maglock with rim strike on basement access door.',2,468,49,200,NULL,1,0,0,NULL,1,1,1,0,14),(16,'Maglocks are sticking when cardreader is used but not when opened from Onguard.',2,468,49,271,NULL,1,1,0,NULL,1,1,1,0,25),(17,'FIPS encryption certificate has expired on enterprise honeywell system.',2,468,51,123,NULL,1,1,0,NULL,1,1,1,0,7),(18,'Parking garage exit gate does not open when cars approach.',2,468,67,31,NULL,1,1,0,NULL,1,1,1,0,18),(19,'Perform preventative maintenance on maglock doors 3, 7, 14 and 21.',2,468,67,127,NULL,1,1,0,NULL,1,1,1,0,8),(20,'Cardreader was hit by a trash bin and needs to be remounted.',2,468,67,127,NULL,1,1,0,NULL,1,1,1,0,7),(21,'ACM Server needs to be upgraded from ACM 5 to ACM 6.',2,468,73,41,NULL,1,0,0,NULL,1,1,1,0,16),(22,'All delayed egress timers need to be adjusted to 30 seconds after fire inspection.',2,468,73,180,NULL,1,1,0,NULL,1,1,1,0,8),(23,'Move 3 maglock doors from Lenel system to ACM.',2,468,73,240,NULL,1,0,0,NULL,1,1,1,0,6),(24,'Update firmware for all panels to fix leap day issue.',2,468,73,243,NULL,1,0,0,NULL,1,1,1,0,8),(25,'Hallway door reader isn\'t working. Remote door activation also isn\'t working. Please repair.',2,468,78,256,NULL,1,1,0,NULL,1,1,1,0,11),(26,'Add new readers to Genetec. Hallway door, cafeteria exit, lobby interior door.',2,468,88,204,NULL,1,0,0,NULL,1,1,1,0,25),(27,'West door will not secure. Delayed egress constantly displays --. Panel reset had no effect.',2,468,92,23,NULL,1,0,0,NULL,1,1,1,0,23),(28,'Users cannot log in to Avigilon. The ACM login page displays but no ones credentials are working.',2,468,92,298,NULL,1,1,0,NULL,1,1,1,0,4),(29,'Local prowatch door schedules need to be configured to match changed shift schedules.',2,2,67,242,NULL,1,1,0,NULL,1,1,1,0,7);
/*!40000 ALTER TABLE `task` ENABLE KEYS */;
UNLOCK TABLES;

--
-- Table structure for table `task_parsing`
--

DROP TABLE IF EXISTS `task_parsing`;
CREATE TABLE `task_parsing` (
  `id` bigint(20) NOT NULL AUTO_INCREMENT,
  `task_id` bigint(20) DEFAULT NULL,
  `ordinal` int(11) DEFAULT NULL,
  `parsed` varchar(512) DEFAULT NULL,
  PRIMARY KEY (`id`),
  KEY `task_id` (`task_id`),
  CONSTRAINT `task_parsing_ibfk_1` FOREIGN KEY (`task_id`) REFERENCES `task` (`id`)
);

--
-- Dumping data for table `task_parsing`
--

LOCK TABLES `task_parsing` WRITE;
/*!40000 ALTER TABLE `task_parsing` DISABLE KEYS */;
INSERT INTO `task_parsing` VALUES (1,1,0,'{\"NNS\": [\"readers\", \"headquarters\"], \"RB\": [\"sporatically\"], \"VBP\": [\"stop\"], \"VBG\": [\"responding\"], \"IN\": [\"throughout\"], \"NN\": [\"building\"], \".\": [\".\"]}'),(2,1,1,'{\"RB\": [\"usually\", \"away\"], \"NN\": [\"issue\"], \"VBZ\": [\"goes\"], \"IN\": [\"within\"], \"CD\": [\"20\"], \"NNS\": [\"minutes\"], \".\": [\".\"]}'),(3,1,2,'{\"VBG\": [\"ongoing\"], \"NN\": [\"issue\"], \"VBZ\": [\"needs\"], \"VBN\": [\"resolved\"], \".\": [\".\"]}'),(4,2,0,'{\"MD\": [\"can\"], \"RB\": [\"not\"], \"VB\": [\"integrate\"], \"NNS\": [\"fips\", \"cards\"], \"NN\": [\"vindicator\", \"system\", \"system\"], \"JJ\": [\"onguard\"], \".\": [\".\"]}'),(5,2,1,'{\"NNS\": [\"cards\", \"locations\"], \"VBN\": [\"needed\"], \"JJ\": [\"main\"], \"NN\": [\"entry\", \"access\"], \".\": [\".\"]}'),(6,3,0,'{\"NN\": [\"service\", \"area\", \"gate\", \"release\"], \".\": [\".\"]}'),(7,3,1,'{\"JJ\": [\"tried\", \"lenel\"], \"VBG\": [\"resetting\"], \"NN\": [\"panel\", \"fix\"], \"PRP\": [\"it\"], \".\": [\".\"]}'),(8,3,2,'{\"NN\": [\"gate\"], \"NNS\": [\"broken\"], \".\": [\".\"]}'),(9,4,0,'{\"JJ\": [\"new\", \"main\"], \"NN\": [\"reader\", \"encryption\", \"error\", \"badge\"], \"JJS\": [\"west\"], \"NNS\": [\"displays\", \"cards\"], \"POS\": [\"\'mifare\", \"\'\"], \",\": [\",\"], \"MD\": [\"can\"], \"RB\": [\"not\"], \"VB\": [\"read\"], \"WRB\": [\"whenever\"], \"VBD\": [\"presented\"], \".\": [\".\"]}'),(10,5,0,'{\"NN\": [\"avigilon\", \"database\", \"access\"], \"VBG\": [\"displaying\"], \"NNS\": [\"errors\"], \".\": [\".\"]}'),(11,5,1,'{\"MD\": [\"can\"], \"RB\": [\"not\"], \"VB\": [\"connect\"], \"NN\": [\"database\"], \".\": [\".\"]}'),(12,6,0,'{\"JJ\": [\"main\"], \"NN\": [\"entrance\"], \"NNS\": [\"gates\"], \"VBG\": [\"opening\"], \"CD\": [\"7\"], \"VBP\": [\"am\"], \".\": [\".\"]}'),(13,7,0,'{\"JJ\": [\"intermittent\"], \"NN\": [\"reader\", \"door\"], \"NNS\": [\"issues\"], \"VBP\": [\"juniper\"], \"DT\": [\"hall\"], \".\": [\".\"]}'),(14,7,1,'{\"NN\": [\"strike\", \"release\", \"badge\", \"swipe\"], \".\": [\".\"]}'),(15,8,0,'{\"NN\": [\"rex\", \"strike\", \"fire\", \"randomly\"], \"VBZ\": [\"causes\"], \".\": [\".\"]}'),(16,9,0,'{\"JJ\": [\"front\"], \"NNS\": [\"doors\"], \"VBP\": [\"unlock\"], \"WRB\": [\"whenever\"], \"NN\": [\"anyone\", \"walks\"], \"IN\": [\"by\"], \".\": [\".\"]}'),(17,10,0,'{\"JJ\": [\"multiple\"], \"NNS\": [\"cardreaders\", \"shows\", \"alarms\"], \"VBG\": [\"working\"], \",\": [\",\"], \"NN\": [\"system\"], \".\": [\".\"]}'),(18,11,0,'{\"NNS\": [\"lenel\", \"data\"], \"NN\": [\"exchange\", \"integration\", \"failing\"], \".\": [\".\"]}'),(19,11,1,'{\"VBG\": [\"restarting\"], \"NN\": [\"onguard\", \"server\"], \"VBD\": [\"helped\"], \".\": [\".\"]}'),(20,12,0,'{\"NN\": [\"enterprise\", \"replication\", \"office\", \"server\"], \"VBG\": [\"reaching\"], \"NNS\": [\"nieves\"], \".\": [\".\"]}'),(21,12,1,'{\"NN\": [\"system\"], \"VBG\": [\"receiving\"], \"NNS\": [\"updates\"], \".\": [\".\"]}'),(22,13,0,'{\"NN\": [\"rim\", \"strike\", \"secure\", \"storage\", \"door\", \"reader\", \"access\"], \"NNS\": [\"sticks\"], \",\": [\",\"], \"RB\": [\"regularly\"], \"VBG\": [\"failing\"], \"JJ\": [\"open\"], \".\": [\".\"]}'),(23,14,0,'{\"NNS\": [\"readers\", \"cards\"], \"JJ\": [\"unable\", \"read\", \"wide\"], \"NN\": [\"system\"], \".\": [\".\"]}'),(24,15,0,'{\"VB\": [\"replace\"], \"NN\": [\"maglock\", \"rim\", \"strike\", \"basement\", \"access\", \"door\"], \".\": [\".\"]}'),(25,16,0,'{\"NNS\": [\"maglocks\"], \"VBG\": [\"sticking\"], \"NN\": [\"cardreader\"], \"VBN\": [\"used\", \"opened\"], \"RB\": [\"onguard\"], \".\": [\".\"]}'),(26,17,0,'{\"NNS\": [\"fips\"], \"NN\": [\"encryption\", \"certificate\", \"honeywell\", \"system\"], \"VBD\": [\"expired\"], \"RB\": [\"enterprise\"], \".\": [\".\"]}'),(27,18,0,'{\"VBG\": [\"parking\"], \"NN\": [\"garage\", \"exit\", \"gate\", \"approach\"], \"JJ\": [\"open\"], \"NNS\": [\"cars\"], \".\": [\".\"]}'),(28,19,0,'{\"NN\": [\"perform\", \"maintenance\", \"maglock\"], \"JJ\": [\"preventative\"], \"NNS\": [\"doors\"], \"CD\": [\"3\", \"7\", \"14\", \"21\"], \",\": [\",\", \",\"], \".\": [\".\"]}'),(29,20,0,'{\"NN\": [\"cardreader\", \"bin\"], \"VBD\": [\"hit\"], \"JJ\": [\"trash\"], \"NNS\": [\"needs\"], \"VBN\": [\"remounted\"], \".\": [\".\"]}'),(30,21,0,'{\"RB\": [\"acm\", \"server\"], \"VBZ\": [\"needs\"], \"JJ\": [\"upgraded\"], \"NN\": [\"acm\", \"acm\"], \"CD\": [\"5\", \"6\"], \".\": [\".\"]}'),(31,22,0,'{\"VBN\": [\"delayed\", \"adjusted\"], \"NN\": [\"egress\", \"inspection\"], \"NNS\": [\"timers\", \"seconds\"], \"VBP\": [\"need\"], \"CD\": [\"30\"], \"JJ\": [\"fire\"], \".\": [\".\"]}'),(32,23,0,'{\"NN\": [\"move\", \"maglock\", \"system\", \"acm\"], \"CD\": [\"3\"], \"NNS\": [\"doors\"], \"VBP\": [\"lenel\"], \".\": [\".\"]}'),(33,24,0,'{\"JJ\": [\"update\", \"leap\"], \"NN\": [\"firmware\", \"day\", \"issue\"], \"NNS\": [\"panels\"], \"VBP\": [\"fix\"], \".\": [\".\"]}'),(34,25,0,'{\"RB\": [\"hallway\"], \"JJ\": [\"door\"], \"NN\": [\"reader\"], \"VBG\": [\"working\"], \".\": [\".\"]}'),(35,25,1,'{\"JJ\": [\"remote\"], \"NN\": [\"door\", \"activation\"], \"RB\": [\"also\"], \"VBG\": [\"working\"], \".\": [\".\"]}'),(36,25,2,'{\"VB\": [\"please\"], \"NN\": [\"repair\"], \".\": [\".\"]}'),(37,26,0,'{\"VB\": [\"add\"], \"JJ\": [\"new\"], \"NNS\": [\"readers\"], \"VBP\": [\"genetec\"], \".\": [\".\"]}'),(38,26,1,'{\"RB\": [\"hallway\"], \"NN\": [\"door\", \"cafeteria\", \"exit\", \"lobby\", \"door\"], \",\": [\",\", \",\"], \"JJ\": [\"interior\"], \".\": [\".\"]}'),(39,27,0,'{\"JJ\": [\"west\"], \"NN\": [\"door\", \"secure\"], \".\": [\".\"]}'),(40,27,1,'{\"VBN\": [\"delayed\"], \"NN\": [\"egress\"], \"RB\": [\"constantly\"], \"VBZ\": [\"displays\"], \":\": [\"--\"], \".\": [\".\"]}'),(41,27,2,'{\"NN\": [\"panel\", \"reset\", \"effect\"], \".\": [\".\"]}'),(42,28,0,'{\"NNS\": [\"users\"], \"MD\": [\"can\"], \"RB\": [\"not\"], \"VB\": [\"log\"], \"NN\": [\"avigilon\"], \".\": [\".\"]}'),(43,28,1,'{\"RB\": [\"acm\"], \"JJ\": [\"login\"], \"NN\": [\"page\"], \"NNS\": [\"displays\", \"ones\", \"credentials\"], \"VBG\": [\"working\"], \".\": [\".\"]}'),(44,29,0,'{\"JJ\": [\"local\"], \"NN\": [\"prowatch\", \"door\", \"shift\"], \"NNS\": [\"schedules\", \"schedules\"], \"VBP\": [\"need\"], \"VBN\": [\"configured\", \"changed\"], \"VB\": [\"match\"], \".\": [\".\"]}');
/*!40000 ALTER TABLE `task_parsing` ENABLE KEYS */;
UNLOCK TABLES;

--
-- Table structure for table `task_resources`
--

DROP TABLE IF EXISTS `task_resources`;
CREATE TABLE `task_resources` (
  `id` bigint(20) NOT NULL AUTO_INCREMENT,
  `task_id` bigint(20) DEFAULT NULL,
  `resource_id` bigint(20) DEFAULT NULL,
  `rank` int(11) DEFAULT NULL,
  `weight` decimal(10,9) DEFAULT NULL,
  PRIMARY KEY (`id`),
  KEY `task_id` (`task_id`),
  KEY `resource_id` (`resource_id`),
  CONSTRAINT `task_resources_ibfk_1` FOREIGN KEY (`task_id`) REFERENCES `task` (`id`),
  CONSTRAINT `task_resources_ibfk_2` FOREIGN KEY (`resource_id`) REFERENCES `resource` (`id`)
);

--
-- Dumping data for table `task_resources`
--

LOCK TABLES `task_resources` WRITE;
/*!40000 ALTER TABLE `task_resources` DISABLE KEYS */;
INSERT INTO `task_resources` VALUES (1,7,7,0,0.945773386),(2,7,2,1,1.057394920),(3,7,14,2,1.332305697),(4,7,9,3,1.337724634),(5,7,23,4,1.635956955),(6,7,12,5,1.638717570),(7,7,13,6,1.674984239),(8,7,18,7,1.684534557),(9,7,3,8,1.818675284),(10,7,5,9,1.820143771),(11,7,19,10,1.954653187),(12,7,20,11,1.980447917),(13,7,6,12,1.988015819),(14,7,4,13,2.082491180),(15,7,8,14,2.284758356),(16,7,15,15,2.393905426),(17,7,24,16,2.491195013),(18,7,17,17,2.559398744),(19,7,1,18,2.696982407),(20,7,22,19,2.881789563),(21,7,25,20,2.990136987),(22,7,11,21,3.053530705),(23,7,21,22,3.257470846),(24,7,10,23,3.601489368),(25,7,16,24,3.818277394),(26,8,14,0,1.166853360),(27,8,13,1,1.223690048),(28,8,7,2,1.251810670),(29,8,2,3,1.343988063),(30,8,18,4,1.662919486),(31,8,20,5,1.868288591),(32,8,5,6,2.064946692),(33,8,6,7,2.122012834),(34,8,12,8,2.184840380),(35,8,3,9,2.234749791),(36,8,21,10,2.264453981),(37,8,9,11,2.266573048),(38,8,23,12,2.309998552),(39,8,4,13,2.396456305),(40,8,17,14,2.419516130),(41,8,19,15,2.423298658),(42,8,11,16,2.648969983),(43,8,25,17,2.654394478),(44,8,8,18,2.807920271),(45,8,15,19,2.868124979),(46,8,22,20,2.898950109),(47,8,24,21,2.977914946),(48,8,16,22,3.019297207),(49,8,1,23,3.216133012),(50,8,10,24,3.217798587),(51,9,23,0,1.029590584),(52,9,8,1,1.465129276),(53,9,2,2,1.530891531),(54,9,18,3,1.751762295),(55,9,13,4,1.971605955),(56,9,6,5,2.051642198),(57,9,14,6,2.138075865),(58,9,25,7,2.364068002),(59,9,22,8,2.395404305),(60,9,9,9,2.593170551),(61,9,4,10,2.602508373),(62,9,7,11,2.642934024),(63,9,10,12,2.685326489),(64,9,17,13,2.691876267),(65,9,3,14,2.727110479),(66,9,20,15,2.750011076),(67,9,11,16,2.962680914),(68,9,15,17,3.180682650),(69,9,24,18,3.337806735),(70,9,12,19,3.381380357),(71,9,5,20,3.468490187),(72,9,1,21,3.601957678),(73,9,19,22,3.606142484),(74,9,16,23,3.761655147),(75,9,21,24,4.854021938),(76,10,8,0,1.094298920),(77,10,6,1,1.155792395),(78,10,19,2,1.294401954),(79,10,2,3,1.327324826),(80,10,4,4,1.438988408),(81,10,13,5,1.444050889),(82,10,3,6,1.697598658),(83,10,14,7,1.721682212),(84,10,22,8,1.835128129),(85,10,17,9,1.892277293),(86,10,11,10,1.972611151),(87,10,1,11,2.059233241),(88,10,7,12,2.089996680),(89,10,18,13,2.090728135),(90,10,23,14,2.129407430),(91,10,9,15,2.133380589),(92,10,20,16,2.331450246),(93,10,10,17,2.538867280),(94,10,25,18,2.559334461),(95,10,12,19,2.594465246),(96,10,16,20,2.732583933),(97,10,15,21,2.739398294),(98,10,24,22,2.911559440),(99,10,21,23,2.952945536),(100,10,5,24,3.170961029),(101,11,2,0,0.564939160),(102,11,14,1,0.727170250),(103,11,18,2,0.922430645),(104,11,6,3,1.241386221),(105,11,8,4,1.312754764),(106,11,3,5,1.542522570),(107,11,13,6,1.829359104),(108,11,17,7,1.923001766),(109,11,25,8,1.943997252),(110,11,23,9,2.068718429),(111,11,11,10,2.164515276),(112,11,20,11,2.287853389),(113,11,4,12,2.439036386),(114,11,7,13,2.447273787),(115,11,10,14,2.472942607),(116,11,9,15,2.630996854),(117,11,22,16,2.727912556),(118,11,19,17,2.829151071),(119,11,1,18,2.888530159),(120,11,21,19,2.991120380),(121,11,16,20,3.155225780),(122,11,5,21,3.173407774),(123,11,15,22,3.449961035),(124,11,24,23,3.494214703),(125,11,12,24,3.542268408),(126,12,2,0,0.931307828),(127,12,18,1,1.294143762),(128,12,4,2,1.613622323),(129,12,25,3,1.631428227),(130,12,12,4,1.742970814),(131,12,23,5,1.746234898),(132,12,7,6,1.810757272),(133,12,22,7,1.964931703),(134,12,15,8,1.977844574),(135,12,17,9,2.075513062),(136,12,24,10,2.082353513),(137,12,9,11,2.158395805),(138,12,13,12,2.167564939),(139,12,16,13,2.211049484),(140,12,14,14,2.237456628),(141,12,8,15,2.342138866),(142,12,6,16,2.418192337),(143,12,3,17,2.439455911),(144,12,11,18,2.694999667),(145,12,1,19,2.776086538),(146,12,5,20,2.946643112),(147,12,20,21,2.953182947),(148,12,10,22,3.162409700),(149,12,19,23,3.198520817),(150,12,21,24,3.270977900),(151,13,2,0,1.046240370),(152,13,14,1,1.438078268),(153,13,13,2,1.479776879),(154,13,9,3,1.551703937),(155,13,23,4,1.674099925),(156,13,18,5,1.726653917),(157,13,8,6,1.738273222),(158,13,7,7,1.911271439),(159,13,12,8,1.934603206),(160,13,4,9,1.945494881),(161,13,6,10,1.975608377),(162,13,11,11,2.171157669),(163,13,20,12,2.436612447),(164,13,3,13,2.502889196),(165,13,24,14,2.577013314),(166,13,10,15,2.666698056),(167,13,17,16,2.667327179),(168,13,22,17,2.687237354),(169,13,1,18,2.701638978),(170,13,25,19,2.709281284),(171,13,5,20,2.796953678),(172,13,19,21,2.821794536),(173,13,16,22,2.938372934),(174,13,15,23,3.272948569),(175,13,21,24,3.431876996),(176,14,2,0,0.368001944),(177,14,11,1,0.991370680),(178,14,9,2,1.098161614),(179,14,25,3,1.521220826),(180,14,14,4,1.580558148),(181,14,8,5,1.681661676),(182,14,7,6,1.699295992),(183,14,23,7,1.704818885),(184,14,15,8,1.706336460),(185,14,10,9,1.729962364),(186,14,12,10,1.981574919),(187,14,13,11,2.040036618),(188,14,24,12,2.105528665),(189,14,17,13,2.121307174),(190,14,6,14,2.233959298),(191,14,3,15,2.282380640),(192,14,16,16,2.286446993),(193,14,1,17,2.347373680),(194,14,4,18,2.405005206),(195,14,21,19,2.411377822),(196,14,18,20,2.412330340),(197,14,22,21,2.474751767),(198,14,19,22,2.556547293),(199,14,20,23,3.224013861),(200,14,5,24,4.180899687),(201,15,2,0,0.990473389),(202,15,13,1,1.156928350),(203,15,18,2,1.367323039),(204,15,14,3,1.506465168),(205,15,8,4,1.596281689),(206,15,6,5,1.714621587),(207,15,7,6,1.779214665),(208,15,23,7,1.821239067),(209,15,4,8,1.954949189),(210,15,1,9,2.056966786),(211,15,19,10,2.069849176),(212,15,9,11,2.090451846),(213,15,20,12,2.160518017),(214,15,3,13,2.327550530),(215,15,15,14,2.457054059),(216,15,12,15,2.559011233),(217,15,11,16,2.670896170),(218,15,22,17,2.714213308),(219,15,24,18,2.737257901),(220,15,5,19,2.743100038),(221,15,25,20,2.901703184),(222,15,10,21,3.031721137),(223,15,17,22,3.181174696),(224,15,21,23,3.770313549),(225,15,16,24,3.908431827),(226,16,18,0,0.849750819),(227,16,25,1,1.056561773),(228,16,2,2,1.102276371),(229,16,8,3,1.264417689),(230,16,6,4,1.286352907),(231,16,13,5,1.292745565),(232,16,1,6,1.577351242),(233,16,11,7,1.682822388),(234,16,7,8,1.698497075),(235,16,15,9,1.707554957),(236,16,3,10,1.710347550),(237,16,14,11,1.720397545),(238,16,20,12,1.824701936),(239,16,23,13,1.844902175),(240,16,4,14,1.881464421),(241,16,17,15,1.907020161),(242,16,9,16,1.982907989),(243,16,22,17,1.989582200),(244,16,10,18,2.036953323),(245,16,5,19,2.109930071),(246,16,24,20,2.112973534),(247,16,16,21,2.262324572),(248,16,21,22,2.637750015),(249,16,19,23,2.706074448),(250,16,12,24,2.845692448),(251,17,15,0,0.993254875),(252,17,7,1,1.032612226),(253,17,18,2,1.045813051),(254,17,4,3,1.045867451),(255,17,25,4,1.404122846),(256,17,2,5,1.445025379),(257,17,13,6,1.524089196),(258,17,5,7,1.553521213),(259,17,20,8,1.650581078),(260,17,1,9,1.691880047),(261,17,12,10,1.822696616),(262,17,9,11,1.913508547),(263,17,24,12,1.923960102),(264,17,17,13,1.985864999),(265,17,8,14,2.048773727),(266,17,6,15,2.098830886),(267,17,3,16,2.161241739),(268,17,22,17,2.185717666),(269,17,14,18,2.334943064),(270,17,16,19,2.549803723),(271,17,11,20,2.563288255),(272,17,23,21,2.575947487),(273,17,19,22,2.670543590),(274,17,10,23,2.943224512),(275,17,21,24,3.144311471),(276,18,2,0,1.016722066),(277,18,12,1,1.240525436),(278,18,18,2,1.421458225),(279,18,7,3,1.522461987),(280,18,14,4,1.544271473),(281,18,8,5,1.881500521),(282,18,9,6,1.960903181),(283,18,4,7,2.023549290),(284,18,3,8,2.106036324),(285,18,6,9,2.209796787),(286,18,5,10,2.236525065),(287,18,19,11,2.243421244),(288,18,15,12,2.356281986),(289,18,17,13,2.389202384),(290,18,20,14,2.416948290),(291,18,11,15,2.499903120),(292,18,22,16,2.532471586),(293,18,24,17,2.690681385),(294,18,1,18,2.847960922),(295,18,10,19,2.903546593),(296,18,25,20,2.919948166),(297,18,13,21,3.016996470),(298,18,21,22,3.047645279),(299,18,23,23,3.073322916),(300,18,16,24,3.119041537),(301,19,12,0,1.310371887),(302,19,8,1,1.354523024),(303,19,7,2,1.438787901),(304,19,10,3,1.443073731),(305,19,9,4,1.445950804),(306,19,23,5,1.473943060),(307,19,13,6,1.645431025),(308,19,2,7,1.647509043),(309,19,11,8,1.724595326),(310,19,25,9,1.767457861),(311,19,24,10,1.853048382),(312,19,14,11,2.033456211),(313,19,5,12,2.149880010),(314,19,15,13,2.203131503),(315,19,20,14,2.255550856),(316,19,22,15,2.360407599),(317,19,3,16,2.433072373),(318,19,17,17,2.489316043),(319,19,6,18,2.527856833),(320,19,16,19,2.539380861),(321,19,18,20,2.624974826),(322,19,19,21,2.774915423),(323,19,4,22,3.237721180),(324,19,1,23,3.306887540),(325,19,21,24,3.327922290),(326,20,8,0,1.354523024),(327,20,7,1,1.438787901),(328,20,23,2,1.473943060),(329,20,9,3,1.547658262),(330,20,12,4,1.558994512),(331,20,10,5,1.563854004),(332,20,2,6,1.647509043),(333,20,13,7,1.807711637),(334,20,11,8,1.818238487),(335,20,25,9,1.848943267),(336,20,24,10,1.985087393),(337,20,14,11,2.033456211),(338,20,5,12,2.201693443),(339,20,20,13,2.335509974),(340,20,15,14,2.373494047),(341,20,3,15,2.433072373),(342,20,22,16,2.489030826),(343,20,17,17,2.489316043),(344,20,6,18,2.527856833),(345,20,18,19,2.624974826),(346,20,16,20,2.747571192),(347,20,19,21,2.938930072),(348,20,4,22,3.363013236),(349,20,1,23,3.504971171),(350,20,21,24,3.524646017),(351,21,25,0,1.302193549),(352,21,2,1,1.420985068),(353,21,12,2,1.701024304),(354,21,16,3,1.725113729),(355,21,11,4,1.761855865),(356,21,17,5,2.029049003),(357,21,21,6,2.035504847),(358,21,18,7,2.075895858),(359,21,13,8,2.089466172),(360,21,3,9,2.139130019),(361,21,1,10,2.276145739),(362,21,7,11,2.315479820),(363,21,14,12,2.369752122),(364,21,24,13,2.439964243),(365,21,8,14,2.540427617),(366,21,10,15,2.549702159),(367,21,9,16,2.579976560),(368,21,22,17,2.723298516),(369,21,6,18,2.883115542),(370,21,15,19,2.901229355),(371,21,19,20,3.096707448),(372,21,23,21,3.146102861),(373,21,4,22,3.352036458),(374,21,5,23,3.381170071),(375,21,20,24,3.472379226),(376,22,14,0,1.164841222),(377,22,13,1,1.407355056),(378,22,8,2,1.548514464),(379,22,11,3,1.691700956),(380,22,7,4,1.734718641),(381,22,23,5,1.794221019),(382,22,2,6,1.882622882),(383,22,6,7,1.911174921),(384,22,9,8,2.088984135),(385,22,12,9,2.123881116),(386,22,24,10,2.171286292),(387,22,10,11,2.328608686),(388,22,17,12,2.462273948),(389,22,18,13,2.464188343),(390,22,21,14,2.473602281),(391,22,5,15,2.628860100),(392,22,4,16,2.658252105),(393,22,20,17,2.842476817),(394,22,19,18,2.876686858),(395,22,1,19,2.890844785),(396,22,25,20,3.086478972),(397,22,3,21,3.126087916),(398,22,16,22,3.189190739),(399,22,22,23,3.646505123),(400,22,15,24,4.843962956),(401,23,14,0,0.763462927),(402,23,4,1,0.798642870),(403,23,2,2,0.990724146),(404,23,6,3,1.242486460),(405,23,19,4,1.263225435),(406,23,13,5,1.296102165),(407,23,23,6,1.328765646),(408,23,7,7,1.366923437),(409,23,17,8,1.416643329),(410,23,18,9,1.434452012),(411,23,3,10,1.434912662),(412,23,12,11,1.597050042),(413,23,8,12,1.631919481),(414,23,9,13,1.695768069),(415,23,21,14,1.733096089),(416,23,22,15,1.736998115),(417,23,25,16,2.067390087),(418,23,16,17,2.079962802),(419,23,1,18,2.082842767),(420,23,24,19,2.089671001),(421,23,11,20,2.175952127),(422,23,20,21,2.613092426),(423,23,10,22,2.674727692),(424,23,5,23,2.892407933),(425,23,15,24,2.992560234),(426,24,2,0,0.624419279),(427,24,18,1,1.343271896),(428,24,11,2,1.416408881),(429,24,8,3,1.433304069),(430,24,14,4,1.508736281),(431,24,23,5,1.526794340),(432,24,13,6,1.764427798),(433,24,25,7,1.787981813),(434,24,9,8,1.803510479),(435,24,6,9,1.908847320),(436,24,24,10,1.954152236),(437,24,7,11,2.036878774),(438,24,10,12,2.083334503),(439,24,12,13,2.317831431),(440,24,3,14,2.473968262),(441,24,1,15,2.673645498),(442,24,17,16,2.863901095),(443,24,5,17,3.036885449),(444,24,21,18,3.042233543),(445,24,20,19,3.072256217),(446,24,16,20,3.133247692),(447,24,4,21,3.432980656),(448,24,19,22,3.769933259),(449,24,15,23,3.930322360),(450,24,22,24,4.058721299),(451,25,2,0,0.645408909),(452,25,11,1,1.009259450),(453,25,9,2,1.138376164),(454,25,25,3,1.514598079),(455,25,18,4,1.678299068),(456,25,23,5,1.822740763),(457,25,10,6,1.995440772),(458,25,8,7,2.040195439),(459,25,12,8,2.223739855),(460,25,16,9,2.242834054),(461,25,14,10,2.479501949),(462,25,13,11,2.618033086),(463,25,17,12,2.670797320),(464,25,3,13,2.727861797),(465,25,15,14,2.735117263),(466,25,20,15,2.774158107),(467,25,7,16,2.908999231),(468,25,6,17,2.942960451),(469,25,24,18,3.169009770),(470,25,5,19,3.507784584),(471,25,21,20,3.630761596),(472,25,4,21,3.755607704),(473,25,22,22,3.798720043),(474,25,1,23,4.466066823),(475,25,19,24,4.558742805),(476,26,2,0,1.306832643),(477,26,12,1,1.461785923),(478,26,11,2,1.891881361),(479,26,9,3,2.004606393),(480,26,25,4,2.402397201),(481,26,14,5,2.432337698),(482,26,8,6,2.487382896),(483,26,7,7,2.589548450),(484,26,15,8,2.626635450),(485,26,18,9,2.828946066),(486,26,23,10,2.953959294),(487,26,10,11,3.016097631),(488,26,3,12,3.311150373),(489,26,21,13,3.326492150),(490,26,13,14,3.336796220),(491,26,17,15,3.509043578),(492,26,19,16,3.655881196),(493,26,24,17,3.715292695),(494,26,6,18,3.821280219),(495,26,20,19,3.824400249),(496,26,5,20,3.909149904),(497,26,16,21,4.026363211),(498,26,4,22,4.092100987),(499,26,1,23,4.408803698),(500,26,22,24,4.597983796),(501,27,6,0,1.636023569),(502,27,4,1,1.639336236),(503,27,13,2,1.756625873),(504,27,23,3,1.789824346),(505,27,8,4,1.929943164),(506,27,17,5,2.226607185),(507,27,14,6,2.472426829),(508,27,7,7,2.475580027),(509,27,22,8,2.737214551),(510,27,24,9,2.798626767),(511,27,2,10,3.497026989),(512,27,25,11,3.550229479),(513,27,19,12,3.968594444),(514,27,3,13,4.075989394),(515,27,11,14,4.392689102),(516,27,18,15,4.692862752),(517,27,5,16,5.038829109),(518,27,16,17,5.124987996),(519,27,15,18,5.282164700),(520,27,1,19,5.308173399),(521,27,10,20,5.516082369),(522,27,20,21,5.531366022),(523,27,21,22,5.695182346),(524,27,9,23,5.768531933),(525,27,12,24,6.021264830),(526,28,4,0,2.299792483),(527,28,14,1,2.396796804),(528,28,8,2,2.546306428),(529,28,6,3,2.550558513),(530,28,17,4,2.745964652),(531,28,24,5,2.761799243),(532,28,22,6,2.936173863),(533,28,7,7,3.018801760),(534,28,13,8,3.239234121),(535,28,25,9,3.553563410),(536,28,2,10,3.653058216),(537,28,23,11,3.776486929),(538,28,3,12,3.844312570),(539,28,19,13,4.279532744),(540,28,18,14,4.599766374),(541,28,15,15,4.636545756),(542,28,11,16,4.650457483),(543,28,1,17,4.653590170),(544,28,16,18,5.443890869),(545,28,21,19,5.453109187),(546,28,5,20,5.667741146),(547,28,12,21,5.829600363),(548,28,10,22,5.852948561),(549,28,9,23,6.257582661),(550,28,20,24,6.595237886),(551,1,2,0,1.460722543),(552,1,12,1,1.632035303),(553,1,18,2,1.957834324),(554,1,9,3,2.210811858),(555,1,7,4,2.212367671),(556,1,25,5,2.232317931),(557,1,14,6,2.453406354),(558,1,11,7,2.559789969),(559,1,23,8,2.683811618),(560,1,21,9,2.901510249),(561,1,13,10,2.966194076),(562,1,16,11,3.153982360),(563,1,17,12,3.318120753),(564,1,15,13,3.334095620),(565,1,10,14,3.414834881),(566,1,24,15,3.434401243),(567,1,3,16,3.437220375),(568,1,8,17,3.475027960),(569,1,5,18,3.557213480),(570,1,4,19,3.576902582),(571,1,20,20,3.783776503),(572,1,22,21,3.960431812),(573,1,6,22,3.983884321),(574,1,1,23,3.985463814),(575,1,19,24,4.378085747),(576,2,2,0,1.246300561),(577,2,9,1,1.616488973),(578,2,12,2,1.631672719),(579,2,23,3,1.694489577),(580,2,16,4,2.050673270),(581,2,24,5,2.053589308),(582,2,25,6,2.280392425),(583,2,11,7,2.303100721),(584,2,7,8,2.387650204),(585,2,14,9,2.607792691),(586,2,18,10,2.665666418),(587,2,22,11,2.809975074),(588,2,13,12,2.859399709),(589,2,17,13,2.909424543),(590,2,15,14,3.022003497),(591,2,8,15,3.055964145),(592,2,10,16,3.091998206),(593,2,4,17,3.207996747),(594,2,3,18,3.513020759),(595,2,6,19,3.801537076),(596,2,20,20,4.002836951),(597,2,21,21,4.092351648),(598,2,19,22,4.140838686),(599,2,1,23,4.441469293),(600,2,5,24,4.545721807),(601,3,4,0,1.411773712),(602,3,2,1,1.532135980),(603,3,18,2,1.586165926),(604,3,17,3,1.765147883),(605,3,14,4,1.825987520),(606,3,6,5,1.839456972),(607,3,23,6,2.063988745),(608,3,16,7,2.176225924),(609,3,7,8,2.186590181),(610,3,13,9,2.227668860),(611,3,25,10,2.260149989),(612,3,22,11,2.300452035),(613,3,3,12,2.326935948),(614,3,21,13,2.394780747),(615,3,24,14,2.445673826),(616,3,8,15,2.511285889),(617,3,9,16,2.598137716),(618,3,1,17,2.644818341),(619,3,12,18,2.651267695),(620,3,11,19,2.690347626),(621,3,19,20,3.159067443),(622,3,5,21,3.338525464),(623,3,20,22,3.605055686),(624,3,15,23,3.652559395),(625,3,10,24,3.836657435),(626,4,18,0,1.538472790),(627,4,2,1,1.560500301),(628,4,14,2,1.625557225),(629,4,12,3,1.881958763),(630,4,4,4,2.059972352),(631,4,21,5,2.076937632),(632,4,7,6,2.092054422),(633,4,13,7,2.273324328),(634,4,25,8,2.315432323),(635,4,9,9,2.457318635),(636,4,1,10,2.481100849),(637,4,11,11,2.637435099),(638,4,22,12,2.815610586),(639,4,17,13,2.816031984),(640,4,15,14,2.817562823),(641,4,5,15,2.821393744),(642,4,20,16,2.837901002),(643,4,3,17,2.882650777),(644,4,16,18,2.924634048),(645,4,6,19,2.931202922),(646,4,8,20,3.045897391),(647,4,23,21,3.049831054),(648,4,10,22,3.311671396),(649,4,24,23,3.410652849),(650,4,19,24,3.442976487),(651,5,2,0,1.445840551),(652,5,13,1,1.520878680),(653,5,6,2,1.676983098),(654,5,8,3,2.028300766),(655,5,23,4,2.277732922),(656,5,4,5,2.365566276),(657,5,9,6,2.654955825),(658,5,18,7,2.692279160),(659,5,1,8,2.819128830),(660,5,7,9,2.946731090),(661,5,11,10,2.998090430),(662,5,24,11,3.225790751),(663,5,14,12,3.437982614),(664,5,20,13,3.552730664),(665,5,19,14,3.713040879),(666,5,17,15,3.887160658),(667,5,25,16,4.019782599),(668,5,3,17,4.033041607),(669,5,16,18,4.116620794),(670,5,12,19,4.140588172),(671,5,22,20,4.424069392),(672,5,5,21,4.453975653),(673,5,10,22,4.761181120),(674,5,15,23,4.922972252),(675,5,21,24,5.098163853),(676,6,7,0,1.733318628),(677,6,2,1,2.037648689),(678,6,23,2,2.052061496),(679,6,8,3,2.067137336),(680,6,18,4,2.224407978),(681,6,13,5,2.228783500),(682,6,14,6,2.273384551),(683,6,3,7,2.439490034),(684,6,6,8,2.491182172),(685,6,25,9,2.744845301),(686,6,22,10,2.744949119),(687,6,19,11,2.848348638),(688,6,17,12,2.896187989),(689,6,11,13,2.993734568),(690,6,9,14,3.017354325),(691,6,4,15,3.103112507),(692,6,24,16,3.175117070),(693,6,10,17,3.195089749),(694,6,12,18,3.268664866),(695,6,1,19,3.329908449),(696,6,15,20,3.418405480),(697,6,5,21,3.509334533),(698,6,20,22,3.691711279),(699,6,21,23,3.853960863),(700,6,16,24,3.936496938),(701,29,23,0,1.152943824),(702,29,7,1,1.166744088),(703,29,8,2,1.228626646),(704,29,17,3,1.262509507),(705,29,25,4,1.333437473),(706,29,2,5,1.455347649),(707,29,24,6,1.528878763),(708,29,3,7,1.538788414),(709,29,9,8,1.611453447),(710,29,14,9,1.640501244),(711,29,6,10,1.717843682),(712,29,22,11,1.727510789),(713,29,11,12,1.856141452),(714,29,12,13,1.953679834),(715,29,13,14,1.975824330),(716,29,4,15,1.985142757),(717,29,15,16,2.029646453),(718,29,19,17,2.269728557),(719,29,16,18,2.360192605),(720,29,10,19,2.396284840),(721,29,18,20,2.455791193),(722,29,5,21,2.591733055),(723,29,21,22,2.755896766),(724,29,1,23,2.936349450),(725,29,20,24,3.054079859);
/*!40000 ALTER TABLE `task_resources` ENABLE KEYS */;
UNLOCK TABLES;

--
-- Table structure for table `task_tags`
--

DROP TABLE IF EXISTS `task_tags`;
CREATE TABLE `task_tags` (
  `id` bigint(20) NOT NULL AUTO_INCREMENT,
  `task_id` bigint(20) DEFAULT NULL,
  `tag_id` bigint(20) DEFAULT NULL,
  `weight` decimal(10,9) DEFAULT NULL,
  `active` tinyint(1) DEFAULT NULL,
  PRIMARY KEY (`id`),
  KEY `task_id` (`task_id`),
  KEY `tag_id` (`tag_id`),
  CONSTRAINT `task_tags_ibfk_1` FOREIGN KEY (`task_id`) REFERENCES `task` (`id`),
  CONSTRAINT `task_tags_ibfk_2` FOREIGN KEY (`tag_id`) REFERENCES `tag` (`id`)
);

--
-- Dumping data for table `task_tags`
--

LOCK TABLES `task_tags` WRITE;
/*!40000 ALTER TABLE `task_tags` DISABLE KEYS */;
INSERT INTO `task_tags` VALUES (1,3,40,0.137012274,1),(2,3,22,0.051298717,1),(3,3,29,0.067061621,1),(4,3,2,0.130177477,1),(5,3,3,0.034270242,1),(6,3,33,0.091104308,1),(7,3,11,0.116598237,1),(8,3,9,0.263336037,1),(9,3,34,0.052765372,1),(10,3,8,0.631625429,1),(11,3,5,0.075548720,1),(12,3,38,0.103830482,1),(13,3,7,0.136693962,1),(14,3,1,0.094153720,1),(15,3,4,0.102510362,1),(16,4,40,0.062165879,1),(17,4,22,0.051298717,1),(18,4,29,0.067061621,1),(19,4,2,0.169182885,1),(20,4,3,0.034270242,1),(21,4,33,0.091104308,1),(22,4,11,0.165263620,1),(23,4,9,0.074515831,1),(24,4,34,0.052765372,1),(25,4,8,0.093137731,1),(26,4,5,0.272610439,1),(27,4,23,0.072074435,1),(28,4,20,0.061538643,1),(29,4,21,0.138264035,1),(30,4,7,0.112660928,1),(31,5,40,0.062165879,1),(32,5,22,0.051298717,1),(33,5,29,0.067061621,1),(34,5,2,0.095702110,1),(35,5,3,0.092211614,1),(36,5,33,0.172178831,1),(37,5,11,0.081695370,1),(38,5,9,0.133923961,1),(39,5,34,0.052765372,1),(40,5,8,0.104881531,1),(41,5,5,0.131701118,1),(42,5,41,0.087195643,1),(43,5,38,0.070243468,1),(44,5,7,0.054366468,1),(45,5,1,0.066415657,1),(46,5,4,0.018744302,1),(47,6,40,0.056811474,1),(48,6,22,0.046403166,1),(49,6,28,0.079511941,1),(50,6,4,0.158404568,1),(51,6,5,0.033540736,1),(52,6,8,0.128552337,1),(53,6,34,0.059109682,1),(54,6,33,0.040226288,1),(55,6,9,0.113217416,1),(56,6,41,0.070077957,1),(57,6,20,0.109648103,1),(58,6,21,0.120081392,1),(59,6,7,0.112756117,1),(60,6,1,0.104853220,1),(61,6,2,0.092331598,1),(62,6,3,0.078976607,1),(63,7,41,0.161710783,1),(64,7,20,0.067461317,1),(65,7,21,0.093086532,1),(66,7,32,0.048517949,1),(67,7,5,0.333469737,1),(68,7,11,0.120717292,1),(69,7,33,0.165703661,1),(70,7,4,0.046154601,1),(71,7,8,0.061996762,1),(72,7,2,0.361683211,1),(73,7,22,0.116863000,1),(74,7,26,0.106653055,1),(75,7,1,0.051144615,1),(76,7,9,0.080159838,1),(77,7,3,0.080632940,1),(78,8,41,0.095572334,1),(79,8,20,0.067461317,1),(80,8,21,0.093086532,1),(81,8,32,0.048517949,1),(82,8,5,0.051548551,1),(83,8,11,0.038040370,1),(84,8,33,0.172506374,1),(85,8,4,0.343289335,1),(86,8,8,0.061996762,1),(87,8,2,0.327534348,1),(88,8,22,0.068228793,1),(89,8,7,0.149283710,1),(90,8,34,0.076505360,1),(91,8,3,0.087264580,1),(92,8,9,0.113565455,1),(93,9,23,0.036725896,1),(94,9,22,0.079937054,1),(95,9,28,0.087390471,1),(96,9,33,0.069346988,1),(97,9,11,0.161307634,1),(98,9,5,0.045238200,1),(99,9,9,0.054780053,1),(100,9,4,0.154377994,1),(101,9,34,0.151103057,1),(102,9,40,0.058291717,1),(103,9,38,0.109771615,1),(104,9,27,0.136599440,1),(105,9,2,0.052907380,1),(106,9,1,0.051197808,1),(107,10,23,0.036725896,1),(108,10,22,0.079937054,1),(109,10,28,0.087390471,1),(110,10,33,0.120829313,1),(111,10,11,0.319730445,1),(112,10,5,0.045238200,1),(113,10,9,0.188882265,1),(114,10,4,0.054145251,1),(115,10,34,0.079273736,1),(116,10,41,0.109728773,1),(117,10,19,0.068507085,1),(118,10,21,0.102196398,1),(119,10,7,0.114484282,1),(120,10,8,0.098230708,1),(121,10,1,0.116768112,1),(122,11,23,0.036725896,1),(123,11,22,0.370876800,1),(124,11,28,0.087390471,1),(125,11,33,0.127767678,1),(126,11,11,0.033339254,1),(127,11,5,0.141601625,1),(128,11,9,0.054780053,1),(129,11,4,0.149584256,1),(130,11,34,0.194684311,1),(131,11,41,0.120072045,1),(132,11,7,0.050331848,1),(133,11,3,0.066901733,1),(134,11,1,0.045858988,1),(135,11,10,0.222222222,1),(136,12,23,0.368955894,1),(137,12,22,0.079937054,1),(138,12,28,0.129878811,1),(139,12,33,0.131593819,1),(140,12,11,0.313240717,1),(141,12,5,0.111084497,1),(142,12,9,0.054780053,1),(143,12,4,0.108361238,1),(144,12,34,0.079273736,1),(145,12,38,0.111356843,1),(146,12,27,0.132716445,1),(147,12,3,0.058429980,1),(148,12,1,0.092621363,1),(149,12,2,0.045897038,1),(150,12,10,0.222222222,1),(151,13,23,0.136489424,1),(152,13,22,0.191755726,1),(153,13,28,0.087390471,1),(154,13,33,0.124026254,1),(155,13,11,0.033339254,1),(156,13,5,0.354017456,1),(157,13,9,0.054780053,1),(158,13,4,0.054145251,1),(159,13,34,0.442069041,1),(160,13,29,0.091297912,1),(161,13,3,0.058851758,1),(162,13,1,0.105099573,1),(163,13,8,0.074265665,1),(164,13,2,0.222222222,1),(165,14,40,0.071103922,1),(166,14,19,0.053880588,1),(167,14,21,0.166256799,1),(168,14,28,0.028525532,1),(169,14,4,0.142217458,1),(170,14,5,0.104019023,1),(171,14,11,0.292534852,1),(172,14,34,0.118451206,1),(173,14,23,0.067158095,1),(174,14,20,0.050900485,1),(175,14,7,0.139158165,1),(176,14,32,0.101224393,1),(177,14,2,0.037217193,1),(178,14,3,0.109569595,1),(179,15,40,0.048551780,1),(180,15,22,0.077555076,1),(181,15,7,0.064949909,1),(182,15,33,0.079163689,1),(183,15,4,0.038618750,1),(184,15,5,0.058229388,1),(185,15,11,0.101741326,1),(186,15,1,0.363687563,1),(187,15,34,0.389432493,1),(188,15,23,0.055040197,1),(189,15,20,0.082875282,1),(190,15,21,0.136457962,1),(191,15,32,0.128472038,1),(192,15,8,0.116803782,1),(193,15,9,0.051715243,1),(194,15,2,0.319387724,1),(195,15,3,0.082706532,1),(196,16,40,0.048551780,1),(197,16,22,0.155690087,1),(198,16,7,0.064949909,1),(199,16,33,0.108588294,1),(200,16,4,0.187805492,1),(201,16,5,0.119144803,1),(202,16,11,0.133972264,1),(203,16,1,0.121917502,1),(204,16,34,0.087810241,1),(205,16,23,0.064121415,1),(206,16,27,0.130105342,1),(207,16,3,0.108718492,1),(208,16,9,0.117325232,1),(209,16,2,0.124360082,1),(210,17,23,0.171342017,1),(211,17,20,0.170557181,1),(212,17,21,0.419087601,1),(213,17,27,0.058640023,1),(214,17,34,0.101473616,1),(215,17,1,0.080910704,1),(216,17,4,0.104984119,1),(217,17,3,0.091301927,1),(218,17,11,0.265102676,1),(219,17,2,0.171817391,1),(220,17,28,0.360628989,1),(221,17,8,0.085340250,1),(222,17,9,0.049055892,1),(223,18,41,0.047858363,1),(224,18,19,0.040325781,1),(225,18,21,0.052800704,1),(226,18,26,0.142846733,1),(227,18,33,0.157286744,1),(228,18,8,0.354469143,1),(229,18,34,0.068076627,1),(230,18,1,0.139159124,1),(231,18,23,0.110216182,1),(232,18,22,0.121380527,1),(233,18,5,0.088005218,1),(234,18,3,0.073335763,1),(235,18,9,0.058270857,1),(236,18,4,0.095604772,1),(237,18,2,0.099975562,1),(238,19,41,0.047858363,1),(239,19,19,0.144089218,1),(240,19,21,0.148107993,1),(241,19,26,0.087022784,1),(242,19,33,0.082175112,1),(243,19,8,0.081269324,1),(244,19,34,0.136295145,1),(245,19,1,0.352749342,1),(246,19,40,0.112150153,1),(247,19,28,0.108971938,1),(248,19,9,0.082292758,1),(249,19,2,0.040889990,1),(250,19,11,0.080087110,1),(251,19,4,0.124129173,1),(252,19,5,0.079001265,1),(253,20,41,0.047858363,1),(254,20,19,0.144089218,1),(255,20,21,0.148107993,1),(256,20,26,0.087022784,1),(257,20,33,0.082175112,1),(258,20,8,0.081269324,1),(259,20,34,0.136295145,1),(260,20,1,0.130527119,1),(261,20,40,0.112150153,1),(262,20,28,0.108971938,1),(263,20,9,0.082292758,1),(264,20,2,0.040889990,1),(265,20,11,0.080087110,1),(266,20,4,0.124129173,1),(267,20,5,0.079001265,1),(268,21,41,0.032300131,1),(269,21,38,0.604011250,1),(270,21,28,0.064225153,1),(271,21,3,0.048724864,1),(272,21,4,0.179156495,1),(273,21,33,0.070305561,1),(274,21,9,0.111644592,1),(275,21,34,0.057550046,1),(276,21,23,0.116120220,1),(277,21,7,0.069790095,1),(278,21,2,0.103948628,1),(279,21,11,0.107381982,1),(280,21,8,0.070455242,1),(281,22,41,0.032300131,1),(282,22,38,0.072153682,1),(283,22,28,0.064225153,1),(284,22,3,0.048724864,1),(285,22,4,0.090407387,1),(286,22,33,0.126558514,1),(287,22,9,0.106086193,1),(288,22,34,0.130627471,1),(289,22,40,0.069555568,1),(290,22,20,0.072469817,1),(291,22,21,0.125556707,1),(292,22,29,0.042559025,1),(293,22,11,0.060502198,1),(294,22,5,0.066713532,1),(295,22,8,0.089999773,1),(296,23,41,0.103019593,1),(297,23,38,0.294375904,1),(298,23,28,0.064225153,1),(299,23,3,0.048724864,1),(300,23,4,0.129963753,1),(301,23,33,0.161706263,1),(302,23,9,0.097222033,1),(303,23,34,0.119888622,1),(304,23,22,0.058160332,1),(305,23,23,0.067220413,1),(306,23,20,0.118637547,1),(307,23,21,0.139232135,1),(308,23,29,0.110181753,1),(309,23,11,0.308867349,1),(310,23,5,0.054598165,1),(311,23,1,0.348298027,1),(312,24,41,0.032300131,1),(313,24,38,0.072153682,1),(314,24,28,0.064225153,1),(315,24,3,0.048724864,1),(316,24,4,0.090407387,1),(317,24,33,0.100462236,1),(318,24,9,0.160535358,1),(319,24,34,0.129831169,1),(320,24,40,0.031583758,1),(321,24,20,0.131367037,1),(322,24,21,0.123815487,1),(323,24,7,0.141257002,1),(324,24,2,0.071866837,1),(325,24,5,0.101655817,1),(326,24,11,0.066156913,1),(327,25,23,0.106096712,1),(328,25,19,0.161994711,1),(329,25,21,0.160751878,1),(330,25,27,0.214739717,1),(331,25,11,0.027209447,1),(332,25,5,0.378443709,1),(333,25,2,0.032652900,1),(334,25,34,0.115354260,1),(335,25,4,0.124380816,1),(336,25,3,0.069846602,1),(337,25,8,0.117744738,1),(338,25,1,0.093608702,1),(339,26,23,0.065229856,1),(340,26,20,0.069014344,1),(341,26,21,0.034914559,1),(342,26,26,0.085860827,1),(343,26,1,0.096707632,1),(344,26,3,0.039990769,1),(345,26,2,0.034415942,1),(346,26,34,0.065971328,1),(347,26,8,0.075494543,1),(348,26,4,0.068148622,1),(349,26,5,0.150380718,1),(350,26,41,0.073805423,1),(351,26,39,0.095877202,1),(352,26,28,0.136602637,1),(353,26,11,0.090447455,1),(354,27,40,0.126619995,1),(355,27,38,0.058798703,1),(356,27,26,0.193879834,1),(357,27,5,0.012828486,1),(358,27,33,0.197610690,1),(359,27,2,0.125083354,1),(360,27,4,0.052847927,1),(361,27,34,0.044285517,1),(362,27,8,0.109977429,1),(363,27,9,0.339387421,1),(364,27,22,0.098688820,1),(365,27,1,0.050118027,1),(366,27,3,0.105500935,1),(367,27,11,0.094769185,1),(368,28,40,0.046515517,1),(369,28,38,0.058798703,1),(370,28,26,0.086170024,1),(371,28,5,0.012828486,1),(372,28,33,0.081291130,1),(373,28,2,0.131789006,1),(374,28,4,0.052847927,1),(375,28,34,0.044285517,1),(376,28,8,0.147530947,1),(377,28,9,0.172614161,1),(378,28,23,0.103083568,1),(379,28,19,0.086210492,1),(380,28,21,0.083386233,1),(381,28,7,0.051292870,1),(382,28,1,0.083393082,1),(383,28,3,0.027608053,1),(384,1,40,0.062165879,1),(385,1,22,0.051298717,1),(386,1,29,0.117379796,1),(387,1,2,0.039379642,1),(388,1,3,0.034270242,1),(389,1,33,0.091104308,1),(390,1,11,0.162264077,1),(391,1,9,0.147362003,1),(392,1,34,0.052765372,1),(393,1,8,0.104361741,1),(394,1,5,0.134148760,1),(395,1,41,0.074974977,1),(396,1,20,0.050974878,1),(397,1,21,0.119927472,1),(398,2,40,0.062165879,1),(399,2,22,0.051298717,1),(400,2,29,0.067061621,1),(401,2,2,0.019609593,1),(402,2,3,0.034270242,1),(403,2,33,0.163642609,1),(404,2,11,0.605850526,1),(405,2,9,0.137665103,1),(406,2,34,0.148713577,1),(407,2,8,0.122119036,1),(408,2,5,0.070936942,1),(409,2,23,0.097362578,1),(410,2,20,0.324222576,1),(411,2,21,0.132447410,1),(412,2,28,0.307015857,1),(413,2,4,0.078658860,1),(414,29,41,0.168639405,1),(415,29,19,0.325452523,1),(416,29,21,0.172780209,1),(417,29,26,0.087022784,1),(418,29,33,0.179701666,1),(419,29,8,0.168871871,1),(420,29,34,0.122528823,1),(421,29,1,0.057793944,1),(422,29,28,0.138906840,1),(423,29,2,0.062685337,1),(424,29,3,0.095025055,1),(425,29,5,0.070829340,1),(426,29,4,0.102518808,1);
/*!40000 ALTER TABLE `task_tags` ENABLE KEYS */;
UNLOCK TABLES;

--
-- Table structure for table `task_tracker`
--

DROP TABLE IF EXISTS `task_tracker`;
CREATE TABLE `task_tracker` (
  `id` bigint(20) NOT NULL AUTO_INCREMENT,
  `task_id` bigint(20) DEFAULT NULL,
  `parsed` tinyint(1) DEFAULT NULL,
  `tagged` tinyint(1) DEFAULT NULL,
  `ranked` tinyint(1) DEFAULT NULL,
  `dispatched` tinyint(1) DEFAULT NULL,
  PRIMARY KEY (`id`),
  KEY `task_id` (`task_id`),
  CONSTRAINT `task_tracker_ibfk_1` FOREIGN KEY (`task_id`) REFERENCES `task` (`id`)
);

--
-- Dumping data for table `task_tracker`
--

LOCK TABLES `task_tracker` WRITE;
/*!40000 ALTER TABLE `task_tracker` DISABLE KEYS */;
/*!40000 ALTER TABLE `task_tracker` ENABLE KEYS */;
UNLOCK TABLES;

--
-- Table structure for table `user`
--

DROP TABLE IF EXISTS `user`;
CREATE TABLE `user` (
  `id` bigint(20) NOT NULL AUTO_INCREMENT,
  `alt_id` varchar(64) DEFAULT NULL,
  `fs_uniquifier` varchar(64) DEFAULT NULL,
  `email` varchar(128) DEFAULT NULL,
  `username` varchar(128) DEFAULT NULL,
  `password` varchar(128) DEFAULT NULL,
  `contact_id` bigint(20) DEFAULT NULL,
  `last_login_at` datetime DEFAULT NULL,
  `current_login_at` datetime DEFAULT NULL,
  `last_login_ip` varchar(100) DEFAULT NULL,
  `current_login_ip` varchar(100) DEFAULT NULL,
  `login_count` int(11) DEFAULT NULL,
  `active` tinyint(1) DEFAULT NULL,
  `confirmed_at` datetime DEFAULT NULL,
  PRIMARY KEY (`id`),
  UNIQUE KEY `alt_id` (`alt_id`),
  UNIQUE KEY `fs_uniquifier` (`fs_uniquifier`),
  UNIQUE KEY `email` (`email`),
  KEY `contact_id` (`contact_id`),
  CONSTRAINT `user_ibfk_1` FOREIGN KEY (`contact_id`) REFERENCES `contact` (`id`)
);

--
-- Dumping data for table `user`
--

LOCK TABLES `user` WRITE;
/*!40000 ALTER TABLE `user` DISABLE KEYS */;
INSERT INTO `user` VALUES (2,NULL,'14ed95aa84a04bc1a6af28730add0b85','admin@example.com','admin','$2b$12$dkVDeZ9FePzsa61E79.KIeyxvg/BF4jQ2djd.cgT.Vf2e88fOnKgi',1,NULL,NULL,NULL,NULL,NULL,1,NULL),(3,NULL,'d6c2344fdf1b46c98c45bdeacd022d9d','user@example.com','user','$2b$12$sWxOdOez5H2RaeoMOULxMuKfoviUPdtURk3DfoDGYBpu9.QnYSuT2',4,NULL,NULL,NULL,NULL,NULL,1,NULL),(5,NULL,'023a3d83101f46509d5442ae041170ab','dispatch@example.com','dispatcher','$2b$12$q/RyQ/ab8.BlaS2aZSOyaON09UcVWtRAA8pZ2V1Bo.BseGF99pXKa',7,NULL,NULL,NULL,NULL,NULL,1,NULL);
/*!40000 ALTER TABLE `user` ENABLE KEYS */;
UNLOCK TABLES;

--
-- Dumping events for database 'pipeline_data'
--

--
-- Dumping routines for database 'pipeline_data'
--
/*!40103 SET TIME_ZONE=@OLD_TIME_ZONE */;

/*!40101 SET SQL_MODE=@OLD_SQL_MODE */;
/*!40014 SET FOREIGN_KEY_CHECKS=@OLD_FOREIGN_KEY_CHECKS */;
/*!40014 SET UNIQUE_CHECKS=@OLD_UNIQUE_CHECKS */;
/*!40111 SET SQL_NOTES=@OLD_SQL_NOTES */;

-- Dump completed on 2020-04-13  6:20:39
